name,type,factory_name,factory_type,subscription_id,subscription_name,connect_via,description,datasets_using_it,pipelines_using_it
stuartadfsqldb,AzureSqlDatabase,stuart-adf,ADF,3f2e4d32-8e8d-46d6-82bc-5bb8d962328b,field-eng,,,0,0
AzureKeyVault1,AzureKeyVault,stuart-adf,ADF,3f2e4d32-8e8d-46d6-82bc-5bb8d962328b,field-eng,,,0,0
stuartadlsg2,AzureBlobFS,stuart-adf,ADF,3f2e4d32-8e8d-46d6-82bc-5bb8d962328b,field-eng,,,0,0
stuartADFSQL,SqlServer,stuart-adf,ADF,3f2e4d32-8e8d-46d6-82bc-5bb8d962328b,field-eng,,,0,0
ADFADLS,AzureBlobFS,stuart-adf,ADF,3f2e4d32-8e8d-46d6-82bc-5bb8d962328b,field-eng,,,0,0
azure_stuart,AzureDatabricks,stuart-adf,ADF,3f2e4d32-8e8d-46d6-82bc-5bb8d962328b,field-eng,,,0,0
AzureDatabricks2,AzureDatabricks,MapDFWF,ADF,3f2e4d32-8e8d-46d6-82bc-5bb8d962328b,field-eng,,,0,0
AzureDatabricks1,AzureDatabricks,MapDFWF,ADF,3f2e4d32-8e8d-46d6-82bc-5bb8d962328b,field-eng,,,0,0
AzureDatabricks1,AzureDatabricks,ganeshrj-mi-adf,ADF,3f2e4d32-8e8d-46d6-82bc-5bb8d962328b,field-eng,,,0,0
AzureDatabricks_LS,AzureDatabricks,MapDFWF,ADF,3f2e4d32-8e8d-46d6-82bc-5bb8d962328b,field-eng,,,0,0
azure_demo,AzureDatabricks,fe-shared-ssa-latam-adf-001,ADF,3f2e4d32-8e8d-46d6-82bc-5bb8d962328b,field-eng,,,0,0
AzureDatabricksDeltaLakeRjtTest,AzureDatabricksDeltaLake,testrepos,ADF,3f2e4d32-8e8d-46d6-82bc-5bb8d962328b,field-eng,,,0,0
Carlos LATAM SSA,AzureDatabricks,fe-shared-ssa-latam-adf-001,ADF,3f2e4d32-8e8d-46d6-82bc-5bb8d962328b,field-eng,,,0,0
AzureDatabricks1,AzureDatabricks,fe-shared-ssa-latam-adf-001,ADF,3f2e4d32-8e8d-46d6-82bc-5bb8d962328b,field-eng,,,0,0
SharedStorage,AzureBlobFS,peteh-adf,ADF,3f2e4d32-8e8d-46d6-82bc-5bb8d962328b,field-eng,,,0,0
AzureDatabricks_PH,AzureDatabricks,peteh-adf,ADF,3f2e4d32-8e8d-46d6-82bc-5bb8d962328b,field-eng,,,0,0
Latan Workspace 01,AzureDatabricks,fe-shared-ssa-latam-adf-001,ADF,3f2e4d32-8e8d-46d6-82bc-5bb8d962328b,field-eng,,,0,0
AzureDatabricksDeltaLake1,AzureDatabricksDeltaLake,peteh-adf,ADF,3f2e4d32-8e8d-46d6-82bc-5bb8d962328b,field-eng,,,0,0
pete_hdi_test_ws,AzureDatabricksDeltaLake,peteh-adf,ADF,3f2e4d32-8e8d-46d6-82bc-5bb8d962328b,field-eng,,Non UC,0,0
peteh_hdi_ws_hive,AzureDatabricksDeltaLake,peteh-adf,ADF,3f2e4d32-8e8d-46d6-82bc-5bb8d962328b,field-eng,,,0,0
hdi_uc_test,AzureDatabricks,peteh-adf,ADF,3f2e4d32-8e8d-46d6-82bc-5bb8d962328b,field-eng,,,0,0
AzureSqlDatabase1,AzureSqlDatabase,peteh-adf,ADF,3f2e4d32-8e8d-46d6-82bc-5bb8d962328b,field-eng,,,0,0
petehhdiuctest,AzureDatabricksDeltaLake,peteh-adf,ADF,3f2e4d32-8e8d-46d6-82bc-5bb8d962328b,field-eng,,,0,0
ph_hdi_test,AzureBlobFS,peteh-adf,ADF,3f2e4d32-8e8d-46d6-82bc-5bb8d962328b,field-eng,,,0,0
AzureDatabricks1,AzureDatabricks,peteh-adf,ADF,3f2e4d32-8e8d-46d6-82bc-5bb8d962328b,field-eng,,,0,0
AzureDatabricksDeltaLake1,AzureDatabricksDeltaLake,mido-adf,ADF,3f2e4d32-8e8d-46d6-82bc-5bb8d962328b,field-eng,,,0,0
AzureSqlDatabase1,AzureSqlDatabase,mido-adf,ADF,3f2e4d32-8e8d-46d6-82bc-5bb8d962328b,field-eng,,,0,0
onvadls,AzureBlobFS,mido-adf,ADF,3f2e4d32-8e8d-46d6-82bc-5bb8d962328b,field-eng,,,0,0
onvstorage,AzureBlobStorage,mido-adf,ADF,3f2e4d32-8e8d-46d6-82bc-5bb8d962328b,field-eng,,,0,0
WebConnection1,Unknown,mido-adf,ADF,3f2e4d32-8e8d-46d6-82bc-5bb8d962328b,field-eng,,,0,0
AzureDataLakeStorage1,AzureBlobFS,mido-adf,ADF,3f2e4d32-8e8d-46d6-82bc-5bb8d962328b,field-eng,,,0,0
AzureDatabricks_Token,AzureDatabricks,ssc-adf-priv,ADF,3f2e4d32-8e8d-46d6-82bc-5bb8d962328b,field-eng,,,0,0
AzureDatabricks_Token_MPE,AzureDatabricks,ssc-adf-priv,ADF,3f2e4d32-8e8d-46d6-82bc-5bb8d962328b,field-eng,,,0,0
Dynamic Tag Cluster,AzureDatabricks,mido-adf,ADF,3f2e4d32-8e8d-46d6-82bc-5bb8d962328b,field-eng,,A cluster that takes a parameter as a cluster tag.,0,0
AzureDatabricks2,AzureDatabricks,test-ow-job,ADF,3f2e4d32-8e8d-46d6-82bc-5bb8d962328b,field-eng,,,0,0
AzureDatabricks1,AzureDatabricks,test-ow-job,ADF,3f2e4d32-8e8d-46d6-82bc-5bb8d962328b,field-eng,,,0,0
AzureBlobStorage1,AzureBlobStorage,rkh-adf,ADF,3f2e4d32-8e8d-46d6-82bc-5bb8d962328b,field-eng,,,0,0
vijiAzureDatabricksDeltaLake,AzureDatabricksDeltaLake,viji-one-env-adf,ADF,3f2e4d32-8e8d-46d6-82bc-5bb8d962328b,field-eng,,,0,0
AzureDatabricks1,AzureDatabricks,ameya-data-factory,ADF,3f2e4d32-8e8d-46d6-82bc-5bb8d962328b,field-eng,,,0,0
ameyaSqlServer,SqlServer,ameya-data-factory,ADF,3f2e4d32-8e8d-46d6-82bc-5bb8d962328b,field-eng,,,0,0
AzureDataLakeStorage1,AzureBlobFS,rkh-adf,ADF,3f2e4d32-8e8d-46d6-82bc-5bb8d962328b,field-eng,,,0,0
AzureDataLakeStorage2,AzureBlobFS,rkh-adf,ADF,3f2e4d32-8e8d-46d6-82bc-5bb8d962328b,field-eng,,,0,0
AzureDatabricksJay,AzureDatabricks,Jay-CanadaLife,ADF,3f2e4d32-8e8d-46d6-82bc-5bb8d962328b,field-eng,,,0,0
testjob,AzureDatabricks,Jay-CanadaLife,ADF,3f2e4d32-8e8d-46d6-82bc-5bb8d962328b,field-eng,,,0,0
AzureDatabricksJayPool,AzureDatabricks,Jay-CanadaLife,ADF,3f2e4d32-8e8d-46d6-82bc-5bb8d962328b,field-eng,,,0,0
AzureDatabricks_JMR,AzureDatabricks,jmradftest,ADF,3f2e4d32-8e8d-46d6-82bc-5bb8d962328b,field-eng,,,0,0
AzureDatabricksDeltaLake2,AzureDatabricksDeltaLake,abdi-test-adf,ADF,3f2e4d32-8e8d-46d6-82bc-5bb8d962328b,field-eng,,,0,0
AzureDatabricks1,AzureDatabricks,abdi-test-adf,ADF,3f2e4d32-8e8d-46d6-82bc-5bb8d962328b,field-eng,,,0,1
SharePointOnlineList1,SharePointOnlineList,abdi-test-adf,ADF,3f2e4d32-8e8d-46d6-82bc-5bb8d962328b,field-eng,,asd,0,0
AzureDatabricks1,AzureDatabricks,test1r3214,ADF,3f2e4d32-8e8d-46d6-82bc-5bb8d962328b,field-eng,,,0,0
AzureDatabricks1,AzureDatabricks,sri-adg,ADF,3f2e4d32-8e8d-46d6-82bc-5bb8d962328b,field-eng,,,0,0
sql_server,SqlServer,abdi-test-adf,ADF,3f2e4d32-8e8d-46d6-82bc-5bb8d962328b,field-eng,,,0,0
linkedService1,AzureBlobFS,abdi-test-adf,ADF,3f2e4d32-8e8d-46d6-82bc-5bb8d962328b,field-eng,,,0,0
Snowflake_jyo_db,Snowflake,Jyo-1204-ADF-snowflake,ADF,3f2e4d32-8e8d-46d6-82bc-5bb8d962328b,field-eng,,,0,0
Snowflake_dynamic_db,Snowflake,Jyo-1204-ADF-snowflake,ADF,3f2e4d32-8e8d-46d6-82bc-5bb8d962328b,field-eng,,,0,0
AzureDatabricksDeltaLake1,AzureDatabricksDeltaLake,abdi-test-adf,ADF,3f2e4d32-8e8d-46d6-82bc-5bb8d962328b,field-eng,,,0,0
AzureBlobStorage1,AzureBlobStorage,Jyo-1204-ADF-snowflake,ADF,3f2e4d32-8e8d-46d6-82bc-5bb8d962328b,field-eng,,,0,0
Snowflake1,Snowflake,Jyo-1204-ADF-snowflake,ADF,3f2e4d32-8e8d-46d6-82bc-5bb8d962328b,field-eng,,,0,0
Field_ENG,AzureDatabricks,pareen-adf-demo,ADF,3f2e4d32-8e8d-46d6-82bc-5bb8d962328b,field-eng,,,0,0
AzureBlobStorage_fieldengmigrationsdl,AzureBlobStorage,fieldeng-migrations,ADF,3f2e4d32-8e8d-46d6-82bc-5bb8d962328b,field-eng,,,0,0
Synapse_fieldengProfilerDev,AzureSynapseArtifacts,fieldeng-migrations,ADF,3f2e4d32-8e8d-46d6-82bc-5bb8d962328b,field-eng,,,0,0
AzureDatabricks1,AzureDatabricks,aamindatafactory,ADF,3f2e4d32-8e8d-46d6-82bc-5bb8d962328b,field-eng,,,0,0
AzureDatabricksDeltaLake1,AzureDatabricksDeltaLake,aamindatafactory,ADF,3f2e4d32-8e8d-46d6-82bc-5bb8d962328b,field-eng,,,0,0
DP,AzureDatabricks,aamindatafactory,ADF,3f2e4d32-8e8d-46d6-82bc-5bb8d962328b,field-eng,,,0,0
AzureBlobStorage1,AzureBlobStorage,aamindatafactory,ADF,3f2e4d32-8e8d-46d6-82bc-5bb8d962328b,field-eng,,,0,0
AzureBlobStorage1,AzureBlobStorage,weather-pipeline-mglbe,ADF,3f2e4d32-8e8d-46d6-82bc-5bb8d962328b,field-eng,,,0,0
AzureDataLakeStorage1,AzureBlobFS,aamindatafactory,ADF,3f2e4d32-8e8d-46d6-82bc-5bb8d962328b,field-eng,,,0,0
AzureDataLakeStorage2,AzureBlobFS,aamindatafactory,ADF,3f2e4d32-8e8d-46d6-82bc-5bb8d962328b,field-eng,,,0,0
AzureDataLakeStorage1,AzureBlobFS,weather-pipeline-mglbe,ADF,3f2e4d32-8e8d-46d6-82bc-5bb8d962328b,field-eng,,,0,0
AzureDatabricksDeltaLake1,AzureDatabricksDeltaLake,dleiva-df,ADF,3f2e4d32-8e8d-46d6-82bc-5bb8d962328b,field-eng,,,0,0
fieldengeast,AzureDatabricks,dleiva-df,ADF,3f2e4d32-8e8d-46d6-82bc-5bb8d962328b,field-eng,,,0,1
azure_fe1,AzureDatabricks,karveTest,ADF,3f2e4d32-8e8d-46d6-82bc-5bb8d962328b,field-eng,,,0,0
Sftp1,Sftp,jl-adf-test,ADF,3f2e4d32-8e8d-46d6-82bc-5bb8d962328b,field-eng,,,0,0
ls_oneenvadls,AzureBlobFS,jl-adf-test,ADF,3f2e4d32-8e8d-46d6-82bc-5bb8d962328b,field-eng,,,0,0
ls_blobstorage,AzureBlobStorage,jl-adf-test,ADF,3f2e4d32-8e8d-46d6-82bc-5bb8d962328b,field-eng,,,0,0
ls_sftp,Sftp,jl-adf-test,ADF,3f2e4d32-8e8d-46d6-82bc-5bb8d962328b,field-eng,,,0,0
ADB_Me,AzureDatabricks,cdg-rsm-tester,ADF,3f2e4d32-8e8d-46d6-82bc-5bb8d962328b,field-eng,,,0,0
Field_eng_east,AzureDatabricks,cdg-rsm-tester,ADF,3f2e4d32-8e8d-46d6-82bc-5bb8d962328b,field-eng,,,0,0
AzureDataLakeStorage1,AzureBlobFS,cdg-rsm-tester,ADF,3f2e4d32-8e8d-46d6-82bc-5bb8d962328b,field-eng,,,0,0
ganeshrj_workspace,AzureDatabricks,ganeshrj-df-demo,ADF,3f2e4d32-8e8d-46d6-82bc-5bb8d962328b,field-eng,,,0,0
AzureDatabricks2,AzureDatabricks,ganeshrj-df-demo,ADF,3f2e4d32-8e8d-46d6-82bc-5bb8d962328b,field-eng,,,0,0
AzureDatabricks2,AzureDatabricks,alexn-hello-world,ADF,3f2e4d32-8e8d-46d6-82bc-5bb8d962328b,field-eng,,,0,0
AzureBlobStorage1,AzureBlobStorage,alexn-hello-world,ADF,3f2e4d32-8e8d-46d6-82bc-5bb8d962328b,field-eng,,,0,0
un_demo_connection,AzureDatabricks,ganeshrj-df-demo,ADF,3f2e4d32-8e8d-46d6-82bc-5bb8d962328b,field-eng,,Test ADF Connection for UN Demo,0,0
AzureDatabricksFeu,AzureDatabricks,ganeshrj-df-demo,ADF,3f2e4d32-8e8d-46d6-82bc-5bb8d962328b,field-eng,,,0,0
AzureDataLakeStorage1,AzureBlobFS,ghanse-adf,ADF,3f2e4d32-8e8d-46d6-82bc-5bb8d962328b,field-eng,,,0,0
AzureDatabricksJMR,AzureDatabricks,ganeshrj-df-demo,ADF,3f2e4d32-8e8d-46d6-82bc-5bb8d962328b,field-eng,,,0,0
Office_hours_demo,AzureDatabricks,ganeshrj-df-demo,ADF,3f2e4d32-8e8d-46d6-82bc-5bb8d962328b,field-eng,,,0,0
ADB_using_MI,AzureDatabricks,ganeshrj-mi-adf,ADF,3f2e4d32-8e8d-46d6-82bc-5bb8d962328b,field-eng,,,0,0
AzureDatabricks_leo,AzureDatabricks,ganeshrj-df-demo,ADF,3f2e4d32-8e8d-46d6-82bc-5bb8d962328b,field-eng,,,0,0
ADB_Using_UA_MI,AzureDatabricks,ganeshrj-mi-adf,ADF,3f2e4d32-8e8d-46d6-82bc-5bb8d962328b,field-eng,,,0,0
ADLS_LinkedService,AzureBlobFS,ganeshrj-df-demo,ADF,3f2e4d32-8e8d-46d6-82bc-5bb8d962328b,field-eng,,,0,0
Demo_conn,AzureDatabricks,ganeshrj-df-demo,ADF,3f2e4d32-8e8d-46d6-82bc-5bb8d962328b,field-eng,,,0,0
DemoWorkspace,AzureDatabricks,ganeshrj-df-demo,ADF,3f2e4d32-8e8d-46d6-82bc-5bb8d962328b,field-eng,,,0,0
field_eng_east,AzureDatabricks,ghanse-adf,ADF,3f2e4d32-8e8d-46d6-82bc-5bb8d962328b,field-eng,,,0,0
AzureDatabricksDeltaLake1,AzureDatabricksDeltaLake,ghanse-adf,ADF,3f2e4d32-8e8d-46d6-82bc-5bb8d962328b,field-eng,,,0,0
AzureDatabricks1,AzureDatabricks,alexn-hello-world,ADF,3f2e4d32-8e8d-46d6-82bc-5bb8d962328b,field-eng,,,0,0
AzureDatabricks3pool,AzureDatabricks,alexn-hello-world,ADF,3f2e4d32-8e8d-46d6-82bc-5bb8d962328b,field-eng,,,0,0
AzureBatch1,AzureBatch,alexn-hello-world,ADF,3f2e4d32-8e8d-46d6-82bc-5bb8d962328b,field-eng,,,0,0
AzureDatabricks3,AzureDatabricks,alexn-hello-world,ADF,3f2e4d32-8e8d-46d6-82bc-5bb8d962328b,field-eng,,,0,0
AzureDatabricksTest,AzureDatabricks,adf-jovi-test,ADF,3f2e4d32-8e8d-46d6-82bc-5bb8d962328b,field-eng,,,0,1
AzureDatabricks1,AzureDatabricks,adf-jovi-test,ADF,3f2e4d32-8e8d-46d6-82bc-5bb8d962328b,field-eng,,,0,0
Lorenz_Databricks_ADF_DEMO_Serverless,AzureDatabricks,lorenz-adf-demo-combined-serverless,ADF,3f2e4d32-8e8d-46d6-82bc-5bb8d962328b,field-eng,,,0,0
AzureDatabricks1,AzureDatabricks,adf-alexs-test,ADF,3f2e4d32-8e8d-46d6-82bc-5bb8d962328b,field-eng,,,0,1
adlswmdata01cool_adls,AzureBlobFS,adf-alexs-test,ADF,3f2e4d32-8e8d-46d6-82bc-5bb8d962328b,field-eng,,,0,0
Lorenz_Databricks_ADF_DEMO,AzureDatabricks,lorenz-adf-demo-combined-serverless,ADF,3f2e4d32-8e8d-46d6-82bc-5bb8d962328b,field-eng,,ADF-demo-expires-november,0,0
felinked,AzureDatabricks,Test-Databricks-Workflows-RunNow,ADF,3f2e4d32-8e8d-46d6-82bc-5bb8d962328b,field-eng,,,0,0
ADF_JOB_CLUSTER1,AzureDatabricks,andreatardif,ADF,3f2e4d32-8e8d-46d6-82bc-5bb8d962328b,field-eng,,,0,0
AzureDatabricks1,AzureDatabricks,jake-fe-east-adf,ADF,3f2e4d32-8e8d-46d6-82bc-5bb8d962328b,field-eng,,,0,0
AzureDatabricks1,AzureDatabricks,anup-adf-explore,ADF,3f2e4d32-8e8d-46d6-82bc-5bb8d962328b,field-eng,,,0,0
AzureDatabricksLinkedService,AzureDatabricks,Test-Databricks-Workflows-RunNow,ADF,3f2e4d32-8e8d-46d6-82bc-5bb8d962328b,field-eng,,,0,0
AzureDatabricksDeltaLake1,AzureDatabricksDeltaLake,jake-fe-east-adf,ADF,3f2e4d32-8e8d-46d6-82bc-5bb8d962328b,field-eng,,,0,0
AzureDatabricks_JobCluster,AzureDatabricks,tek-adf-eastus,ADF,3f2e4d32-8e8d-46d6-82bc-5bb8d962328b,field-eng,,,0,0
Lorenz_Databricks_ADF_DEMO_May25,AzureDatabricks,lorenz-adf-demo-combined-serverless,ADF,3f2e4d32-8e8d-46d6-82bc-5bb8d962328b,field-eng,,,0,0
AzureDatabricks1hg,AzureDatabricks,adf-alexs-test,ADF,3f2e4d32-8e8d-46d6-82bc-5bb8d962328b,field-eng,,,0,0
AzureBlobStorage1,AzureBlobStorage,adf-ksr,ADF,3f2e4d32-8e8d-46d6-82bc-5bb8d962328b,field-eng,,,0,0
AzureDatabricks1,AzureDatabricks,pn-test,ADF,3f2e4d32-8e8d-46d6-82bc-5bb8d962328b,field-eng,,,0,0
AzureDatabricks1,AzureDatabricks,fe-cis-imrans-adf,ADF,3f2e4d32-8e8d-46d6-82bc-5bb8d962328b,field-eng,,,0,1
ls_azsql_database,AzureSqlDatabase,test-sandesh,ADF,3f2e4d32-8e8d-46d6-82bc-5bb8d962328b,field-eng,,,0,0
stg_test_sandesh,AzureBlobFS,test-sandesh,ADF,3f2e4d32-8e8d-46d6-82bc-5bb8d962328b,field-eng,,,0,0
AzureBlobStorage3,AzureBlobStorage,ADF-kmati,ADF,3f2e4d32-8e8d-46d6-82bc-5bb8d962328b,field-eng,,,0,0
AzureSqlDatabase1,AzureSqlDatabase,ADF-kmati,ADF,3f2e4d32-8e8d-46d6-82bc-5bb8d962328b,field-eng,,,0,0
AzureBlobStorage1,AzureBlobStorage,ADF-kmati,ADF,3f2e4d32-8e8d-46d6-82bc-5bb8d962328b,field-eng,,,0,0
AzureDatabricks1,AzureDatabricks,kolpak-adf,ADF,3f2e4d32-8e8d-46d6-82bc-5bb8d962328b,field-eng,,,0,0
LinkeTestLinkedService,AzureDatabricks,linke-adf-test,ADF,3f2e4d32-8e8d-46d6-82bc-5bb8d962328b,field-eng,,Test,0,0
AzureDatabricks1,AzureDatabricks,Test-Databricks-Workflows-RunNow,ADF,3f2e4d32-8e8d-46d6-82bc-5bb8d962328b,field-eng,,,0,2
AzureBlobStorage2,AzureBlobStorage,ADF-kmati,ADF,3f2e4d32-8e8d-46d6-82bc-5bb8d962328b,field-eng,,,0,0
AzureDatabricks2,AzureDatabricks,Test-Databricks-Workflows-RunNow,ADF,3f2e4d32-8e8d-46d6-82bc-5bb8d962328b,field-eng,,,0,2
AzureDatabricksDeltaLake1,AzureDatabricksDeltaLake,adf-oracle-cmoore,ADF,3f2e4d32-8e8d-46d6-82bc-5bb8d962328b,field-eng,,,0,0
AzureDatabricks1,AzureDatabricks,maps-adf,ADF,3f2e4d32-8e8d-46d6-82bc-5bb8d962328b,field-eng,,,0,0
AzureDatabricks1,AzureDatabricks,anf-adf,ADF,3f2e4d32-8e8d-46d6-82bc-5bb8d962328b,field-eng,,,0,0
AzureDatabricks_serverlesstest,AzureDatabricks,maps-adf,ADF,3f2e4d32-8e8d-46d6-82bc-5bb8d962328b,field-eng,,,0,0
marzi2,AzureDatabricks,marzi-test,ADF,3f2e4d32-8e8d-46d6-82bc-5bb8d962328b,field-eng,,,0,0
AzureDatabricks2,AzureDatabricks,maps-adf,ADF,3f2e4d32-8e8d-46d6-82bc-5bb8d962328b,field-eng,,,0,0
AzureDatabricks1,AzureDatabricks,marzi-test,ADF,3f2e4d32-8e8d-46d6-82bc-5bb8d962328b,field-eng,,,0,0
thhart_filter_pii_service,AzureDatabricks,thhart-adf,ADF,3f2e4d32-8e8d-46d6-82bc-5bb8d962328b,field-eng,,,0,0
thhart_pii_service,AzureDatabricks,thhart-adf,ADF,3f2e4d32-8e8d-46d6-82bc-5bb8d962328b,field-eng,,,0,0
custome_policy_ls,AzureDatabricks,maps-adf,ADF,3f2e4d32-8e8d-46d6-82bc-5bb8d962328b,field-eng,,,0,0
AzureDatabricks1,AzureDatabricks,adf-onno-test,ADF,3f2e4d32-8e8d-46d6-82bc-5bb8d962328b,field-eng,,,0,1
ls_blob_bcs,AzureBlobStorage,agadfbcs,ADF,3f2e4d32-8e8d-46d6-82bc-5bb8d962328b,field-eng,,,0,0
Serverless Notebook Execution,AzureDatabricks,maps-adf,ADF,3f2e4d32-8e8d-46d6-82bc-5bb8d962328b,field-eng,,,0,0
AzureDatabricks1,AzureDatabricks,ie-adf-01,ADF,3f2e4d32-8e8d-46d6-82bc-5bb8d962328b,field-eng,,,0,0
AzureSqlDatabase2,AzureSqlDatabase,ADF-kmati,ADF,3f2e4d32-8e8d-46d6-82bc-5bb8d962328b,field-eng,,,0,0
AzureDataLakeStorage1,AzureBlobFS,mm-test-df,ADF,3f2e4d32-8e8d-46d6-82bc-5bb8d962328b,field-eng,,,0,0
Travis_Terraform_Workspace,AzureDatabricks,adf-travislongwell,ADF,3f2e4d32-8e8d-46d6-82bc-5bb8d962328b,field-eng,,,0,0
ls_databricks_serverless,AzureDatabricks,durak-adf,ADF,3f2e4d32-8e8d-46d6-82bc-5bb8d962328b,field-eng,,Databricks linked service for ADF integration - cluster config unused by serverless jobs (cross-subscription),0,0
Databricks_Linked_Service_For_Job_pool,AzureDatabricks,maps-adf,ADF,3f2e4d32-8e8d-46d6-82bc-5bb8d962328b,field-eng,,,0,1
AzureBlobStorage1,AzureBlobStorage,DemoTelevisa,ADF,3f2e4d32-8e8d-46d6-82bc-5bb8d962328b,field-eng,,,0,0
AzureDatabricks3,AzureDatabricks,maps-adf,ADF,3f2e4d32-8e8d-46d6-82bc-5bb8d962328b,field-eng,,,0,0
AzureDataLakeStorage1,AzureBlobFS,DemoTelevisa,ADF,3f2e4d32-8e8d-46d6-82bc-5bb8d962328b,field-eng,,,0,0
AzureDatabricks1,AzureDatabricks,DemoTelevisa,ADF,3f2e4d32-8e8d-46d6-82bc-5bb8d962328b,field-eng,,,0,0
AzureDataLakeStorageConsumption,AzureBlobFS,test-datafactory-ntr,ADF,3f2e4d32-8e8d-46d6-82bc-5bb8d962328b,field-eng,,,0,0
AzureDatabricks1,AzureDatabricks,adf-travislongwell,ADF,3f2e4d32-8e8d-46d6-82bc-5bb8d962328b,field-eng,,,0,0
AzureDatabricksDeltaLake1,AzureDatabricksDeltaLake,marzi-test,ADF,3f2e4d32-8e8d-46d6-82bc-5bb8d962328b,field-eng,,,0,0
adlsgen2testivy,AzureBlobStorage,ivylu-demo-airflow,ADF,3f2e4d32-8e8d-46d6-82bc-5bb8d962328b,field-eng,,,0,0
AzureDatabricksDeltaLake1,AzureDatabricksDeltaLake,mm-test-df,ADF,3f2e4d32-8e8d-46d6-82bc-5bb8d962328b,field-eng,,,0,0
AzureBlobStorage1,AzureBlobStorage,ivylu-demo-airflow,ADF,3f2e4d32-8e8d-46d6-82bc-5bb8d962328b,field-eng,,,0,0
LS_SQL_ODS,PostgreSqlV2,tlawrenceadftest,ADF,3f2e4d32-8e8d-46d6-82bc-5bb8d962328b,field-eng,,,0,0
AzureDatabricks1,AzureDatabricks,ppai-azure-df,ADF,3f2e4d32-8e8d-46d6-82bc-5bb8d962328b,field-eng,,,0,0
AzureSqlDatabase1,AzureSqlDatabase,scott-black-data-factory,ADF,3f2e4d32-8e8d-46d6-82bc-5bb8d962328b,field-eng,,,0,0
AzureDataLakeStorage1,AzureBlobFS,prit-fe-adf,ADF,3f2e4d32-8e8d-46d6-82bc-5bb8d962328b,field-eng,,,0,0
AzureDatabricks1,AzureDatabricks,scott-black-data-factory,ADF,3f2e4d32-8e8d-46d6-82bc-5bb8d962328b,field-eng,,,0,0
DB_Rest,RestService,scott-black-data-factory,ADF,3f2e4d32-8e8d-46d6-82bc-5bb8d962328b,field-eng,,,0,0
AzureMySql1,AzureMySql,scott-black-data-factory,ADF,3f2e4d32-8e8d-46d6-82bc-5bb8d962328b,field-eng,,,0,0
AzureDataLakeStorage1,AzureBlobFS,scott-black-data-factory,ADF,3f2e4d32-8e8d-46d6-82bc-5bb8d962328b,field-eng,,,0,0
LS_SQL_dbutils,PostgreSqlV2,tlawrenceadftest,ADF,3f2e4d32-8e8d-46d6-82bc-5bb8d962328b,field-eng,,,0,0
DBServerless,RestService,scott-black-data-factory,ADF,3f2e4d32-8e8d-46d6-82bc-5bb8d962328b,field-eng,,,0,0
AzureDatabricks1,AzureDatabricks,durak-adf,ADF,3f2e4d32-8e8d-46d6-82bc-5bb8d962328b,field-eng,,,0,1
AzureDatabricks1,AzureDatabricks,adfscottj,ADF,3f2e4d32-8e8d-46d6-82bc-5bb8d962328b,field-eng,,,0,0
fieldengeast,AzureDatabricks,odoren-test,ADF,3f2e4d32-8e8d-46d6-82bc-5bb8d962328b,field-eng,,,0,0
Npip,AzureDatabricks,scott-black-data-factory,ADF,3f2e4d32-8e8d-46d6-82bc-5bb8d962328b,field-eng,,,0,0
AzureDatabricks1,AzureDatabricks,odoren-test,ADF,3f2e4d32-8e8d-46d6-82bc-5bb8d962328b,field-eng,,,0,0
linkedService1,AzureBlobFS,laf-adf,ADF,3f2e4d32-8e8d-46d6-82bc-5bb8d962328b,field-eng,,,0,0
ADLSlinkedService,AzureBlobStorage,laf-adf,ADF,3f2e4d32-8e8d-46d6-82bc-5bb8d962328b,field-eng,,,0,0
AzureSqlDatabase3,AzureSqlDatabase,laf-adf,ADF,3f2e4d32-8e8d-46d6-82bc-5bb8d962328b,field-eng,,,0,0
AzureDatabricksDeltaLake2,AzureDatabricksDeltaLake,laf-adf,ADF,3f2e4d32-8e8d-46d6-82bc-5bb8d962328b,field-eng,,,0,0
AzureSqlDatabase2,AzureSqlDatabase,laf-adf,ADF,3f2e4d32-8e8d-46d6-82bc-5bb8d962328b,field-eng,,,0,0
ADLSLandingZone,AzureBlobFS,laf-adf,ADF,3f2e4d32-8e8d-46d6-82bc-5bb8d962328b,field-eng,,,0,0
AzureDatabricks2,AzureDatabricks,laf-adf,ADF,3f2e4d32-8e8d-46d6-82bc-5bb8d962328b,field-eng,,,0,0
AzureDatabricks1,AzureDatabricks,laf-adf,ADF,3f2e4d32-8e8d-46d6-82bc-5bb8d962328b,field-eng,,,0,0
AzureDatabricksfieldengeast,AzureDatabricks,sz-adf-dbx2,ADF,3f2e4d32-8e8d-46d6-82bc-5bb8d962328b,field-eng,,,0,0
linkedServiceSQLServer,AzureSqlDatabase,ADFLLMCOLLABRSA,ADF,3f2e4d32-8e8d-46d6-82bc-5bb8d962328b,field-eng,,,0,0
AzureSqlDatabase1,AzureSqlDatabase,laf-adf,ADF,3f2e4d32-8e8d-46d6-82bc-5bb8d962328b,field-eng,,,0,0
Travis_Terraform_Workspace_Pool,AzureDatabricks,adf-travislongwell,ADF,3f2e4d32-8e8d-46d6-82bc-5bb8d962328b,field-eng,,,0,1
SQLMaintenanceDemo,AzureSqlDatabase,laf-adf,ADF,3f2e4d32-8e8d-46d6-82bc-5bb8d962328b,field-eng,,,0,0
AzureDatabricksDeltaLake1,AzureDatabricksDeltaLake,laf-adf,ADF,3f2e4d32-8e8d-46d6-82bc-5bb8d962328b,field-eng,,,0,0
AzureDatabricks4,AzureDatabricks,laf-adf,ADF,3f2e4d32-8e8d-46d6-82bc-5bb8d962328b,field-eng,,,0,0
oneenvadls_nshettydemodata,AzureBlobStorage,nshetty-test,ADF,3f2e4d32-8e8d-46d6-82bc-5bb8d962328b,field-eng,,,0,0
AzureDatabricks6,AzureDatabricks,laf-adf,ADF,3f2e4d32-8e8d-46d6-82bc-5bb8d962328b,field-eng,,,0,0
SqlServerGeneric,SqlServer,laf-adf,ADF,3f2e4d32-8e8d-46d6-82bc-5bb8d962328b,field-eng,,,0,0
DBSQL_ODBC,Odbc,laf-adf,ADF,3f2e4d32-8e8d-46d6-82bc-5bb8d962328b,field-eng,,,0,0
AzureDatabricks8,AzureDatabricks,laf-adf,ADF,3f2e4d32-8e8d-46d6-82bc-5bb8d962328b,field-eng,,,0,2
AzureDatabricksDeltaLake3,AzureDatabricksDeltaLake,laf-adf,ADF,3f2e4d32-8e8d-46d6-82bc-5bb8d962328b,field-eng,,,0,0
AzureBlobStorage_LinkedServiceCSEdemoDataFactory,AzureBlobStorage,CSEdemoDataFactory,ADF,3f2e4d32-8e8d-46d6-82bc-5bb8d962328b,field-eng,,Linked service for csestoragefieldeng to CSEdemoDataFactory,0,0
DeltaSharingRest,RestService,laf-adf,ADF,3f2e4d32-8e8d-46d6-82bc-5bb8d962328b,field-eng,,,0,0
AzureDataLakeStorage1,AzureBlobFS,steven-psa-orchestration,ADF,3f2e4d32-8e8d-46d6-82bc-5bb8d962328b,field-eng,,,0,0
AzureSqlDatabase4,AzureSqlDatabase,laf-adf,ADF,3f2e4d32-8e8d-46d6-82bc-5bb8d962328b,field-eng,,,0,0
SqlServerConfig,SqlServer,laf-adf,ADF,3f2e4d32-8e8d-46d6-82bc-5bb8d962328b,field-eng,,,0,0
linkedService_SourceSystem,AzureSqlDatabase,laf-adf,ADF,3f2e4d32-8e8d-46d6-82bc-5bb8d962328b,field-eng,,,0,0
linkedService_adf,AzureSqlDatabase,laf-adf,ADF,3f2e4d32-8e8d-46d6-82bc-5bb8d962328b,field-eng,,,0,0
AzureDatabricks_LinkedService,AzureDatabricks,CSEdemoDataFactory,ADF,3f2e4d32-8e8d-46d6-82bc-5bb8d962328b,field-eng,,Linked service to connect CSEdemoDataFactory with Databricks.,0,0
AzureDatabricks1,AzureDatabricks,ADFLLMCOLLABRSA,ADF,3f2e4d32-8e8d-46d6-82bc-5bb8d962328b,field-eng,,,0,0
AzureKeyVault_LinkedServiceCSEstorageFieldEng,AzureKeyVault,CSEdemoDataFactory,ADF,3f2e4d32-8e8d-46d6-82bc-5bb8d962328b,field-eng,,Linked service for cse-key-vault-field-eng,0,0
FileServer1,FileServer,laf-adf,ADF,3f2e4d32-8e8d-46d6-82bc-5bb8d962328b,field-eng,,,0,0
AzureDatabricks9,AzureDatabricks,laf-adf,ADF,3f2e4d32-8e8d-46d6-82bc-5bb8d962328b,field-eng,,,0,0
AzureDatabricks7,AzureDatabricks,laf-adf,ADF,3f2e4d32-8e8d-46d6-82bc-5bb8d962328b,field-eng,,,0,0
AzureDatabricks5,AzureDatabricks,laf-adf,ADF,3f2e4d32-8e8d-46d6-82bc-5bb8d962328b,field-eng,,,0,0
ScottBlackADLS,AzureBlobFS,scott-black-data-factory,ADF,3f2e4d32-8e8d-46d6-82bc-5bb8d962328b,field-eng,,,0,0
Azure_Fe_1,AzureDatabricks,nshetty-test,ADF,3f2e4d32-8e8d-46d6-82bc-5bb8d962328b,field-eng,,,0,0
linkedService_adls,AzureBlobFS,laf-adf,ADF,3f2e4d32-8e8d-46d6-82bc-5bb8d962328b,field-eng,,,0,0
azure_sql_nithya_demo_db,AzureSqlDatabase,nshetty-test,ADF,3f2e4d32-8e8d-46d6-82bc-5bb8d962328b,field-eng,,,0,0
AzureDatabricksDeltaLake1,AzureDatabricksDeltaLake,nshetty-test,ADF,3f2e4d32-8e8d-46d6-82bc-5bb8d962328b,field-eng,,,0,0
beatriceadls,AzureBlobFS,adf-csc168,ADF,3f2e4d32-8e8d-46d6-82bc-5bb8d962328b,field-eng,,,0,0
AzureDatabricksDeltaLake1,AzureDatabricksDeltaLake,adf-csc168,ADF,3f2e4d32-8e8d-46d6-82bc-5bb8d962328b,field-eng,,,0,0
AzureDatabricks_LinkedService,AzureDatabricks,adf-csc168,ADF,3f2e4d32-8e8d-46d6-82bc-5bb8d962328b,field-eng,,,0,0
AzureDatabricks1LinkedService,AzureDatabricks,sn-data-factory-demo,ADF,3f2e4d32-8e8d-46d6-82bc-5bb8d962328b,field-eng,,,0,0
AzureDataLakeStorage1,AzureBlobFS,dthomfactorytest,ADF,3f2e4d32-8e8d-46d6-82bc-5bb8d962328b,field-eng,,,0,0
AzureDatabricks_LinkedService2,AzureDatabricks,adf-csc168,ADF,3f2e4d32-8e8d-46d6-82bc-5bb8d962328b,field-eng,,,0,0
AzureDatabricksDeltaLake1,AzureDatabricksDeltaLake,adf-kuldeep-demo01,ADF,3f2e4d32-8e8d-46d6-82bc-5bb8d962328b,field-eng,,,0,0
field_eng_east_job,AzureDatabricks,oneenv-adf,ADF,3f2e4d32-8e8d-46d6-82bc-5bb8d962328b,field-eng,,,0,1
AzureDataLakeStorage_KS02_Experiment,AzureBlobFS,adf-csc168,ADF,3f2e4d32-8e8d-46d6-82bc-5bb8d962328b,field-eng,,,0,0
AzureDatabricks_UC_Demo,AzureDatabricks,adf-csc168,ADF,3f2e4d32-8e8d-46d6-82bc-5bb8d962328b,field-eng,,,0,0
AzureDataLakeStorage1,AzureBlobFS,adf-kuldeep-demo01,ADF,3f2e4d32-8e8d-46d6-82bc-5bb8d962328b,field-eng,,,0,0
Field Eng East 4 Worker UC Shared Cluster,AzureDatabricks,oneenv-adf,ADF,3f2e4d32-8e8d-46d6-82bc-5bb8d962328b,field-eng,,Creates a new job cluster using UC Shared Cluster policy,0,0
AzureDatabricks5,AzureDatabricks,oneenv-adf,ADF,3f2e4d32-8e8d-46d6-82bc-5bb8d962328b,field-eng,,,0,0
AzureDataLakeUC,AzureBlobFS,adf-kuldeep-demo01,ADF,3f2e4d32-8e8d-46d6-82bc-5bb8d962328b,field-eng,,,0,0
RestService1,RestService,dthomfactorytest,ADF,3f2e4d32-8e8d-46d6-82bc-5bb8d962328b,field-eng,,,0,0
databricks_fe_east,AzureDatabricks,uday-satapathy-adf,ADF,3f2e4d32-8e8d-46d6-82bc-5bb8d962328b,field-eng,,"autoscaling, ds3v2, no photon",0,2
uday_sandbox_ws,AzureDatabricks,uday-satapathy-adf,ADF,3f2e4d32-8e8d-46d6-82bc-5bb8d962328b,field-eng,,,0,0
AzureSqlDatabase1,AzureSqlDatabase,kishoremannavaadffe,ADF,3f2e4d32-8e8d-46d6-82bc-5bb8d962328b,field-eng,,,0,0
Field Eng East Shared Americas UC,AzureDatabricks,oneenv-adf,ADF,3f2e4d32-8e8d-46d6-82bc-5bb8d962328b,field-eng,,Shared Americas - UC enabled cluster for Field Eng East.,0,0
databricks_fe_east_service_principal_based,AzureDatabricks,uday-satapathy-adf,ADF,3f2e4d32-8e8d-46d6-82bc-5bb8d962328b,field-eng,,,0,0
fe_east_delta_lake,AzureDatabricksDeltaLake,uday-satapathy-adf,ADF,3f2e4d32-8e8d-46d6-82bc-5bb8d962328b,field-eng,,,0,0
AzureDatabricksDeltaLake1,AzureDatabricksDeltaLake,oneenv-adf,ADF,3f2e4d32-8e8d-46d6-82bc-5bb8d962328b,field-eng,,,0,0
AzureDataLakeStorage1,AzureBlobFS,oneenv-adf,ADF,3f2e4d32-8e8d-46d6-82bc-5bb8d962328b,field-eng,,,0,0
SQLMaintenanceDemo,AzureSqlDatabase,oneenv-adf,ADF,3f2e4d32-8e8d-46d6-82bc-5bb8d962328b,field-eng,,,0,0
databricks_ls,AzureDatabricks,evan-adf-01,ADF,3f2e4d32-8e8d-46d6-82bc-5bb8d962328b,field-eng,,,0,0
AzureDatabricksVGD,AzureDatabricks,oneenv-adf,ADF,3f2e4d32-8e8d-46d6-82bc-5bb8d962328b,field-eng,,sdas,0,0
init_script_test,AzureDatabricks,oneenv-adf,ADF,3f2e4d32-8e8d-46d6-82bc-5bb8d962328b,field-eng,,,0,0
cb_cvs_adf_test,AzureDatabricks,oneenv-adf,ADF,3f2e4d32-8e8d-46d6-82bc-5bb8d962328b,field-eng,,,0,0
dbrookes_adls,AzureBlobFS,oneenv-adf,ADF,3f2e4d32-8e8d-46d6-82bc-5bb8d962328b,field-eng,,,0,0
NedDataLakeStorage,AzureBlobFS,oneenv-adf,ADF,3f2e4d32-8e8d-46d6-82bc-5bb8d962328b,field-eng,,,0,0
AzureDatabricks_ls,AzureDatabricks,demo-field-eng-east-adf-nb,ADF,3f2e4d32-8e8d-46d6-82bc-5bb8d962328b,field-eng,,,0,1
LG_DBX,AzureDatabricks,oneenv-adf,ADF,3f2e4d32-8e8d-46d6-82bc-5bb8d962328b,field-eng,,,0,0
984752964297111,AzureDatabricks,oneenv-adf,ADF,3f2e4d32-8e8d-46d6-82bc-5bb8d962328b,field-eng,,,0,0
Field Eng East Job Cluster With Custom Policy,AzureDatabricks,oneenv-adf,ADF,3f2e4d32-8e8d-46d6-82bc-5bb8d962328b,field-eng,,"Demonstration of applying a custom policy to job clusters created in Azure Data Factory.

This policy invokes a UC Volume-hosted dummy init script.",0,0
AzureDatabricks1,AzureDatabricks,kishoremannavaadffe,ADF,3f2e4d32-8e8d-46d6-82bc-5bb8d962328b,field-eng,,,0,0
write_to_volume,AzureBlobFS,oneenv-adf,ADF,3f2e4d32-8e8d-46d6-82bc-5bb8d962328b,field-eng,,,0,0
lg_adf,AzureDatabricks,oneenv-adf,ADF,3f2e4d32-8e8d-46d6-82bc-5bb8d962328b,field-eng,,,0,0
serverless,AzureDatabricks,adf-serverless-test-gui,ADF,3f2e4d32-8e8d-46d6-82bc-5bb8d962328b,field-eng,,,0,0
AzureDatabricks_ik,AzureDatabricks,oneenv-adf,ADF,3f2e4d32-8e8d-46d6-82bc-5bb8d962328b,field-eng,,,0,0
AzureDatabricks4,AzureDatabricks,oneenv-adf,ADF,3f2e4d32-8e8d-46d6-82bc-5bb8d962328b,field-eng,,,0,0
dbrookes_azure_key_vault,AzureKeyVault,oneenv-adf,ADF,3f2e4d32-8e8d-46d6-82bc-5bb8d962328b,field-eng,,,0,0
mido_ls,AzureDatabricks,oneenv-adf,ADF,3f2e4d32-8e8d-46d6-82bc-5bb8d962328b,field-eng,,,0,1
amirskiyadls,AzureBlobFS,oneenv-adf,ADF,3f2e4d32-8e8d-46d6-82bc-5bb8d962328b,field-eng,,,0,0
NathanAnthony_WS,AzureDatabricks,oneenv-adf,ADF,3f2e4d32-8e8d-46d6-82bc-5bb8d962328b,field-eng,,,0,1
AzureKeyVault1,AzureKeyVault,oneenv-adf,ADF,3f2e4d32-8e8d-46d6-82bc-5bb8d962328b,field-eng,,,0,0
AzureDataLakeStorage2,AzureBlobFS,oneenv-adf,ADF,3f2e4d32-8e8d-46d6-82bc-5bb8d962328b,field-eng,,,0,0
oneenvsqldb_jim,SqlServer,oneenv-adf,ADF,3f2e4d32-8e8d-46d6-82bc-5bb8d962328b,field-eng,,for some reason I can't use oneenvsqldb linked server,0,0
oneenvsqldb,AzureSqlDatabase,oneenv-adf,ADF,3f2e4d32-8e8d-46d6-82bc-5bb8d962328b,field-eng,,,0,0
Lyall_Test,AzureDatabricks,oneenv-adf,ADF,3f2e4d32-8e8d-46d6-82bc-5bb8d962328b,field-eng,,,0,1
oneenvstorageblob,AzureBlobStorage,oneenv-adf,ADF,3f2e4d32-8e8d-46d6-82bc-5bb8d962328b,field-eng,,,0,0
AzureDatabricksCaioKPMG,AzureDatabricks,oneenv-adf,ADF,3f2e4d32-8e8d-46d6-82bc-5bb8d962328b,field-eng,,,0,1
AzureSqlDatabase1,AzureSqlDatabase,oneenv-adf,ADF,3f2e4d32-8e8d-46d6-82bc-5bb8d962328b,field-eng,,,0,0
AzureDatabricks8,AzureDatabricks,oneenv-adf,ADF,3f2e4d32-8e8d-46d6-82bc-5bb8d962328b,field-eng,,,0,0
oneenv_deltalake,AzureDatabricksDeltaLake,oneenv-adf,ADF,3f2e4d32-8e8d-46d6-82bc-5bb8d962328b,field-eng,,,0,0
AzureDatabricksDeltaLake2,AzureDatabricksDeltaLake,oneenv-adf,ADF,3f2e4d32-8e8d-46d6-82bc-5bb8d962328b,field-eng,,,0,0
AzureDatabricks6,AzureDatabricks,oneenv-adf,ADF,3f2e4d32-8e8d-46d6-82bc-5bb8d962328b,field-eng,,,0,0
AzureDatabricks7,AzureDatabricks,oneenv-adf,ADF,3f2e4d32-8e8d-46d6-82bc-5bb8d962328b,field-eng,,,0,0
oneenv_databricks,AzureDatabricks,oneenv-adf,ADF,3f2e4d32-8e8d-46d6-82bc-5bb8d962328b,field-eng,,,0,0
titanic,HttpServer,oneenv-adf,ADF,3f2e4d32-8e8d-46d6-82bc-5bb8d962328b,field-eng,,,0,0
EriTesting,AzureDatabricks,oneenv-adf,ADF,3f2e4d32-8e8d-46d6-82bc-5bb8d962328b,field-eng,,,0,0
AjinkyaN_AzureDatabricksDeltaLake3,AzureDatabricksDeltaLake,oneenv-adf,ADF,3f2e4d32-8e8d-46d6-82bc-5bb8d962328b,field-eng,,"Workspace: https://adb-2541733722036151.11.azuredatabricks.net/
Personal Compute: 0702-072833-zorbct6j
PAT Token: <Generate>",0,0
esddatabrickspool,AzureDatabricks,oneenv-adf,ADF,3f2e4d32-8e8d-46d6-82bc-5bb8d962328b,field-eng,,,0,0
mb_onenv_test,AzureDatabricks,oneenv-adf,ADF,3f2e4d32-8e8d-46d6-82bc-5bb8d962328b,field-eng,,,0,1
Rs01_test_databricks,AzureDatabricks,adf-rohan-databricks,ADF,3f2e4d32-8e8d-46d6-82bc-5bb8d962328b,field-eng,,,0,0
AzureDatabricks_LS,AzureDatabricks,pepsi0adf-test-nm001,ADF,3f2e4d32-8e8d-46d6-82bc-5bb8d962328b,field-eng,,dsds,0,0
sash_demo_databricks_ne_ls,AzureDatabricks,adf-sash-demo,ADF,3f2e4d32-8e8d-46d6-82bc-5bb8d962328b,field-eng,,,0,0
ADB_LS_WS_Rollback,AzureDatabricks,pepsi0adf-test-nm001,ADF,3f2e4d32-8e8d-46d6-82bc-5bb8d962328b,field-eng,,,0,0
ag_uc_test_adls_conn,AzureBlobStorage,adf-sash-demo,ADF,3f2e4d32-8e8d-46d6-82bc-5bb8d962328b,field-eng,,,0,0
LS_3,AzureDatabricks,pepsi0adf-test-nm001,ADF,3f2e4d32-8e8d-46d6-82bc-5bb8d962328b,field-eng,,,0,0
sash_demo_databricks_ls,AzureDatabricks,adf-sash-demo,ADF,3f2e4d32-8e8d-46d6-82bc-5bb8d962328b,field-eng,,,0,1
AzureDataLakeStorage1,AzureBlobFS,adf-sash-demo,ADF,3f2e4d32-8e8d-46d6-82bc-5bb8d962328b,field-eng,,,0,0
LS_2,AzureDatabricks,pepsi0adf-test-nm001,ADF,3f2e4d32-8e8d-46d6-82bc-5bb8d962328b,field-eng,,,0,0
AzureBlobStoragesw,AzureBlobStorage,adf-sash-demo,ADF,3f2e4d32-8e8d-46d6-82bc-5bb8d962328b,field-eng,,,0,0
sash_demo_databricks_ls2,AzureDatabricks,adf-sash-demo,ADF,3f2e4d32-8e8d-46d6-82bc-5bb8d962328b,field-eng,,,0,0
sashsandboxsa_ls,AzureBlobFS,adf-sash-demo,ADF,3f2e4d32-8e8d-46d6-82bc-5bb8d962328b,field-eng,,,0,0
AzureDatabricks_malay_vishu__premium_workspace2_non_uc,AzureDatabricks,vishu-adf-dbi,ADF,3f2e4d32-8e8d-46d6-82bc-5bb8d962328b,field-eng,,,0,0
ls_AzureKeyVault,AzureKeyVault,vishu-adf-dbi,ADF,3f2e4d32-8e8d-46d6-82bc-5bb8d962328b,field-eng,,,0,0
vishu_AzureDatabricks,AzureDatabricks,vishu-adf-dbi,ADF,3f2e4d32-8e8d-46d6-82bc-5bb8d962328b,field-eng,,,0,0
AzureDatabricks_jobCluster,AzureDatabricks,vishu-adf-dbi,ADF,3f2e4d32-8e8d-46d6-82bc-5bb8d962328b,field-eng,,,0,0
AzureDatabricks1_premium_non_uc_SPN,AzureDatabricks,vishu-adf-dbi,ADF,3f2e4d32-8e8d-46d6-82bc-5bb8d962328b,field-eng,,,0,0
AzureDatabricks1,AzureDatabricks,pepsi0adf-test-nm001,ADF,3f2e4d32-8e8d-46d6-82bc-5bb8d962328b,field-eng,,,0,0
AzureDatabricks_primium_non_uc,AzureDatabricks,vishu-adf-dbi,ADF,3f2e4d32-8e8d-46d6-82bc-5bb8d962328b,field-eng,,,0,0
hinak_adb_ejp_demo_20250516,AzureDatabricks,hinak-adf-ejp,ADF,3f2e4d32-8e8d-46d6-82bc-5bb8d962328b,field-eng,,,0,1
NedAzureDataLakeStorage,AzureBlobFS,canada-eh-data-factory,ADF,3f2e4d32-8e8d-46d6-82bc-5bb8d962328b,field-eng,,,0,0
AzureSqlDatabase1,AzureSqlDatabase,adf-sash-demo,ADF,3f2e4d32-8e8d-46d6-82bc-5bb8d962328b,field-eng,,,0,0
AzureDatabricks_standard_workspace,AzureDatabricks,vishu-adf-dbi,ADF,3f2e4d32-8e8d-46d6-82bc-5bb8d962328b,field-eng,,,0,0
AzureDatabricksDeltaLake1,AzureDatabricksDeltaLake,canada-eh-data-factory,ADF,3f2e4d32-8e8d-46d6-82bc-5bb8d962328b,field-eng,,,0,0
hinak_adb_djp_pub_1,AzureDatabricksDeltaLake,hinak-adf-ejp,ADF,3f2e4d32-8e8d-46d6-82bc-5bb8d962328b,field-eng,,,0,0
AzureDatabricks2,AzureDatabricks,canada-eh-data-factory,ADF,3f2e4d32-8e8d-46d6-82bc-5bb8d962328b,field-eng,,,0,0
AzureDatabricks1,AzureDatabricks,canada-eh-data-factory,ADF,3f2e4d32-8e8d-46d6-82bc-5bb8d962328b,field-eng,,,0,0
AzureBlobStorage1,AzureBlobStorage,canada-eh-data-factory,ADF,3f2e4d32-8e8d-46d6-82bc-5bb8d962328b,field-eng,,,0,0
AzureDatabricksDeltaLake2,AzureDatabricksDeltaLake,canada-eh-data-factory,ADF,3f2e4d32-8e8d-46d6-82bc-5bb8d962328b,field-eng,,,0,0
AzureDataLakeStore1,AzureDataLakeStore,jok-adf,ADF,3f2e4d32-8e8d-46d6-82bc-5bb8d962328b,field-eng,,,0,0
AzureBlobStorage1,AzureBlobStorage,jok-adf,ADF,3f2e4d32-8e8d-46d6-82bc-5bb8d962328b,field-eng,,,0,0
CosmosDb1,CosmosDb,jok-adf,ADF,3f2e4d32-8e8d-46d6-82bc-5bb8d962328b,field-eng,,,0,0
AzureSqlDatabase1,AzureSqlDatabase,jok-adf,ADF,3f2e4d32-8e8d-46d6-82bc-5bb8d962328b,field-eng,,,0,0
ADLgen2,AzureBlobFS,jok-adf,ADF,3f2e4d32-8e8d-46d6-82bc-5bb8d962328b,field-eng,,Testing access to Gen 2 DL,0,0
AzureKeyVault1,AzureKeyVault,jok-adf,ADF,3f2e4d32-8e8d-46d6-82bc-5bb8d962328b,field-eng,,scratchkv,0,0
SmallCluster,AzureDatabricks,jok-adf,ADF,3f2e4d32-8e8d-46d6-82bc-5bb8d962328b,field-eng,,Small Azure Databricks cluster for testing.,0,0
DatabricksScratch,AzureDatabricks,jok-adf,ADF,3f2e4d32-8e8d-46d6-82bc-5bb8d962328b,field-eng,,jok-scratch workspace to test permission management for ADF initiated jobs.,0,0
AzureDatabricks1,AzureDatabricks,jok-adf,ADF,3f2e4d32-8e8d-46d6-82bc-5bb8d962328b,field-eng,,,0,0
ADBparameters,AzureDatabricks,jok-adf,ADF,3f2e4d32-8e8d-46d6-82bc-5bb8d962328b,field-eng,,ADB Workspace parameter test,0,0
Databricks_Interactive_ADSGF,AzureDatabricks,jok-adf,ADF,3f2e4d32-8e8d-46d6-82bc-5bb8d962328b,field-eng,,Paramatised Interactive Databricks Cluster,0,0
AzureDataLakeStorage1,AzureBlobFS,ronguerreroadf,ADF,3f2e4d32-8e8d-46d6-82bc-5bb8d962328b,field-eng,,,0,0
ANZ_JOK_DB_de_1w,AzureDatabricks,jok-adf,ADF,3f2e4d32-8e8d-46d6-82bc-5bb8d962328b,field-eng,,Data Engineering 1 worker cluster in the ANZ-JOK-DB workspace,0,0
jokscratchsa1,AzureBlobStorage,jok-adf,ADF,3f2e4d32-8e8d-46d6-82bc-5bb8d962328b,field-eng,,Blob storage in jokscratch,0,0
ANZ_JOK_DB_MI,AzureDatabricks,jok-adf,ADF,3f2e4d32-8e8d-46d6-82bc-5bb8d962328b,field-eng,,Scratch workspace with MI authentication,0,0
Databricks_Interactive_ADSGF_Paramatised,AzureDatabricks,jok-adf,ADF,3f2e4d32-8e8d-46d6-82bc-5bb8d962328b,field-eng,,,0,0
Databricks_REST_MI,RestService,jok-adf,ADF,3f2e4d32-8e8d-46d6-82bc-5bb8d962328b,field-eng,,Databricks REST API access via Managed Identity,0,0
SynapseJOKDW1,AzureSqlDW,jok-adf,ADF,3f2e4d32-8e8d-46d6-82bc-5bb8d962328b,field-eng,,,0,0
SynapseScratchDB,AzureSqlDW,jok-adf,ADF,3f2e4d32-8e8d-46d6-82bc-5bb8d962328b,field-eng,,,0,0
AzureDatabricks1,AzureDatabricks,ronguerreroadf,ADF,3f2e4d32-8e8d-46d6-82bc-5bb8d962328b,field-eng,,,0,0
ScratchPoolSpot,AzureDatabricks,jok-adf,ADF,3f2e4d32-8e8d-46d6-82bc-5bb8d962328b,field-eng,,,0,0
JOK_SCRATCH_UC_UAMI_IOT_143LTS_1N_SMALL,AzureDatabricks,jok-adf,ADF,3f2e4d32-8e8d-46d6-82bc-5bb8d962328b,field-eng,,User assigned MI,0,0
Paramatised_Cluster_from_Lookup,AzureDatabricks,jok-adf,ADF,3f2e4d32-8e8d-46d6-82bc-5bb8d962328b,field-eng,,,0,0
AzureDatabricks3,AzureDatabricks,canada-eh-data-factory,ADF,3f2e4d32-8e8d-46d6-82bc-5bb8d962328b,field-eng,,,0,0
AzureSqlDatabase1,AzureSqlDatabase,ronguerreroadf,ADF,3f2e4d32-8e8d-46d6-82bc-5bb8d962328b,field-eng,,,0,0
AzureDatabricks2_demo3,AzureDatabricks,jok-adf,ADF,3f2e4d32-8e8d-46d6-82bc-5bb8d962328b,field-eng,,,0,0
AzureSynapseAnalytics1,AzureSqlDW,jok-adf,ADF,3f2e4d32-8e8d-46d6-82bc-5bb8d962328b,field-eng,,,0,0
JOK_SCRATCH_UC_MSI_IOT_143LTS_1N_SMALL,AzureDatabricks,jok-adf,ADF,3f2e4d32-8e8d-46d6-82bc-5bb8d962328b,field-eng,,Interactive cluster DBR 14.3LTS - MI,0,0
Databricks_REST_SP,RestService,jok-adf,ADF,3f2e4d32-8e8d-46d6-82bc-5bb8d962328b,field-eng,,Make a connection to a Databricks Workspace over REST using a Service Principal.,0,0
AzureSynapseAnalytics1,AzureSqlDW,apj-adf,ADF,3f2e4d32-8e8d-46d6-82bc-5bb8d962328b,field-eng,,,0,0
ls_om_adb_ws,AzureDatabricks,apj-adf,ADF,3f2e4d32-8e8d-46d6-82bc-5bb8d962328b,field-eng,,,0,1
AzureDatabricks1,AzureDatabricks,apj-adf,ADF,3f2e4d32-8e8d-46d6-82bc-5bb8d962328b,field-eng,,,0,0
aso_dbx_udmi_1,AzureDatabricks,apj-adf,ADF,3f2e4d32-8e8d-46d6-82bc-5bb8d962328b,field-eng,,,0,0
DBFS_EXAMPLE,AzureBlobStorage,apj-adf,ADF,3f2e4d32-8e8d-46d6-82bc-5bb8d962328b,field-eng,,,0,0
Ls_AzureDatabricks,AzureDatabricks,apj-adf,ADF,3f2e4d32-8e8d-46d6-82bc-5bb8d962328b,field-eng,,Databricks linked service,0,0
aso_dbx_udmi_2,AzureDatabricks,apj-adf,ADF,3f2e4d32-8e8d-46d6-82bc-5bb8d962328b,field-eng,,,0,0
ls_dbricks,AzureDatabricks,amanpsdatafactory,ADF,3f2e4d32-8e8d-46d6-82bc-5bb8d962328b,field-eng,,,0,0
UC_Interactive,AzureDatabricks,AzureGoFast,ADF,3f2e4d32-8e8d-46d6-82bc-5bb8d962328b,field-eng,,,0,0
ls_om_adb_ws_new_cluster,AzureDatabricks,apj-adf,ADF,3f2e4d32-8e8d-46d6-82bc-5bb8d962328b,field-eng,,,0,0
ADBParamPool,AzureDatabricks,AzureGoFast,ADF,3f2e4d32-8e8d-46d6-82bc-5bb8d962328b,field-eng,,dfdf,0,0
UC,AzureDatabricks,AzureGoFast,ADF,3f2e4d32-8e8d-46d6-82bc-5bb8d962328b,field-eng,,,0,0
ADBLinkedServiceViaMSIAllPurpose,AzureDatabricks,AzureGoFast,ADF,3f2e4d32-8e8d-46d6-82bc-5bb8d962328b,field-eng,,ADB Linked Service via MSI,0,0
pswesteuropemountstorage_linkedservice,AzureBlobFS,ps-west-europe-adf,ADF,3f2e4d32-8e8d-46d6-82bc-5bb8d962328b,field-eng,,,0,0
ADBLinkedServiceViaMSIJob,AzureDatabricks,AzureGoFast,ADF,3f2e4d32-8e8d-46d6-82bc-5bb8d962328b,field-eng,,ADB Linked Service via MSI,0,0
ADBLinkedServiceViaAccessToken,AzureDatabricks,AzureGoFast,ADF,3f2e4d32-8e8d-46d6-82bc-5bb8d962328b,field-eng,,ADB Linked Service via Access Token,0,0
ls_dbricks_pools,AzureDatabricks,amanpsdatafactory,ADF,3f2e4d32-8e8d-46d6-82bc-5bb8d962328b,field-eng,,,0,0
GoFastAzureDatabricksAllPurpose,AzureDatabricks,AzureGoFast,ADF,3f2e4d32-8e8d-46d6-82bc-5bb8d962328b,field-eng,,,0,0
pswesteurope_ws_existing_inst_pool,AzureDatabricks,ps-west-europe-adf,ADF,3f2e4d32-8e8d-46d6-82bc-5bb8d962328b,field-eng,,,0,0
pswesteurope_ws,AzureDatabricks,ps-west-europe-adf,ADF,3f2e4d32-8e8d-46d6-82bc-5bb8d962328b,field-eng,,Linked service to ps-west-europe-databricks workspace,0,0
MI_adb_demolaurent_Jobs_GENERAL_PURPOSE_1to4Workers,AzureDatabricks,adf-laurent,ADF,3f2e4d32-8e8d-46d6-82bc-5bb8d962328b,field-eng,,,0,0
ADBLinkedServiceViaMSI,AzureDatabricks,AzureGoFast,ADF,3f2e4d32-8e8d-46d6-82bc-5bb8d962328b,field-eng,,ADB Linked Service via MSI,0,0
ADBLinkedServiceAllPurpose,AzureDatabricks,AzureGoFast,ADF,3f2e4d32-8e8d-46d6-82bc-5bb8d962328b,field-eng,,ADB Linked Service via MSI,0,0
ADBLinkedServicePool,AzureDatabricks,AzureGoFast,ADF,3f2e4d32-8e8d-46d6-82bc-5bb8d962328b,field-eng,,"Testing pool
",0,0
ADBLinkedServiceJob,AzureDatabricks,AzureGoFast,ADF,3f2e4d32-8e8d-46d6-82bc-5bb8d962328b,field-eng,,ADB Linked Service via MSI,0,0
ADBLinkedServiceViaMSICustom,AzureDatabricks,adf-ut41f,ADF,3f2e4d32-8e8d-46d6-82bc-5bb8d962328b,field-eng,,Demo Azure Databricks Linked Service via MSI Custom and Unity Catalog Shared Cluster support,0,0
ls_azure_databricks_delta_lake,AzureDatabricksDeltaLake,amanpsdatafactory,ADF,3f2e4d32-8e8d-46d6-82bc-5bb8d962328b,field-eng,,,0,0
demo_key_vault_linked_service,AzureKeyVault,adf-ut41f,ADF,3f2e4d32-8e8d-46d6-82bc-5bb8d962328b,field-eng,,,0,0
adls_storage_account,AzureBlobStorage,adf-ut41f,ADF,3f2e4d32-8e8d-46d6-82bc-5bb8d962328b,field-eng,,,0,0
ls_Databricks,AzureDatabricks,adf-demo-snehil,ADF,3f2e4d32-8e8d-46d6-82bc-5bb8d962328b,field-eng,,,0,0
ls_dbricks_using_policy_id,AzureDatabricks,amanpsdatafactory,ADF,3f2e4d32-8e8d-46d6-82bc-5bb8d962328b,field-eng,,,0,0
MySql1,MySql,adf-demo-snehil,ADF,3f2e4d32-8e8d-46d6-82bc-5bb8d962328b,field-eng,,,0,0
AzureDataLakeStorage1,AzureBlobFS,adf-demo-snehil,ADF,3f2e4d32-8e8d-46d6-82bc-5bb8d962328b,field-eng,,,0,0
AzureSqlDatabase1,AzureSqlDatabase,adf-demo-snehil,ADF,3f2e4d32-8e8d-46d6-82bc-5bb8d962328b,field-eng,,,0,0
AzureDataLakeStorage2,AzureBlobFS,adf-demo-snehil,ADF,3f2e4d32-8e8d-46d6-82bc-5bb8d962328b,field-eng,,,0,0
Dynamics1,Dynamics,adf-demo-snehil,ADF,3f2e4d32-8e8d-46d6-82bc-5bb8d962328b,field-eng,,,0,0
HttpServer1,HttpServer,adf-demo-snehil,ADF,3f2e4d32-8e8d-46d6-82bc-5bb8d962328b,field-eng,,,0,0
AzureDatabricks1,AzureDatabricks,volvo-demo,ADF,3f2e4d32-8e8d-46d6-82bc-5bb8d962328b,field-eng,,,0,0
AzureDataLakeStorageOTIS,AzureBlobFS,adf-otis-cosmosdb,ADF,3f2e4d32-8e8d-46d6-82bc-5bb8d962328b,field-eng,,,0,0
AzureSynapseAnalytics1,AzureSqlDW,craig-test-adf,ADF,3f2e4d32-8e8d-46d6-82bc-5bb8d962328b,field-eng,,,0,0
adb_demolaurent_Jobs_GENERAL_PURPOSE_1toWorkers,AzureDatabricks,adf-laurent,ADF,3f2e4d32-8e8d-46d6-82bc-5bb8d962328b,field-eng,,,0,0
AzureDatabricks1,AzureDatabricks,monusine,ADF,3f2e4d32-8e8d-46d6-82bc-5bb8d962328b,field-eng,,,0,1
tschuamcAzureDataLakeStorage,AzureBlobFS,bnelsondatafactory,ADF,3f2e4d32-8e8d-46d6-82bc-5bb8d962328b,field-eng,,,0,0
KanchwalaADLSG2,AzureBlobFS,mweu-adf-d-kanchwala-001,ADF,3f2e4d32-8e8d-46d6-82bc-5bb8d962328b,field-eng,,,0,0
CosmosDbNoSqlOTIS,CosmosDb,adf-otis-cosmosdb,ADF,3f2e4d32-8e8d-46d6-82bc-5bb8d962328b,field-eng,,,0,0
lsDatabricks,AzureDatabricks,craig-test-adf,ADF,3f2e4d32-8e8d-46d6-82bc-5bb8d962328b,field-eng,,,0,0
RRCSQLServer,AzureSqlDatabase,rrcadfvivo,ADF,3f2e4d32-8e8d-46d6-82bc-5bb8d962328b,field-eng,,,0,0
AzureBlobStorageCosmos,AzureBlobStorage,adf-otis-cosmosdb,ADF,3f2e4d32-8e8d-46d6-82bc-5bb8d962328b,field-eng,,,0,0
bnelsonkv,AzureKeyVault,bnelsondatafactory,ADF,3f2e4d32-8e8d-46d6-82bc-5bb8d962328b,field-eng,,,0,0
ks02test,AzureDatabricks,ks02-demo,ADF,3f2e4d32-8e8d-46d6-82bc-5bb8d962328b,field-eng,,,0,0
ruggerstore,AzureBlobFS,bnelsondatafactory,ADF,3f2e4d32-8e8d-46d6-82bc-5bb8d962328b,field-eng,,,0,0
RRCBlobVivo,AzureBlobStorage,rrcadfvivo,ADF,3f2e4d32-8e8d-46d6-82bc-5bb8d962328b,field-eng,,,0,0
npipv2cluster,AzureDatabricks,bnelsondatafactory,ADF,3f2e4d32-8e8d-46d6-82bc-5bb8d962328b,field-eng,,,0,0
privatewebauthcl,AzureDatabricks,bnelsondatafactory,ADF,3f2e4d32-8e8d-46d6-82bc-5bb8d962328b,field-eng,,,0,0
npipv2,AzureKeyVault,bnelsondatafactory,ADF,3f2e4d32-8e8d-46d6-82bc-5bb8d962328b,field-eng,,,0,0
AzureSqlDatabase1,AzureSqlDatabase,guanjie-adf,ADF,3f2e4d32-8e8d-46d6-82bc-5bb8d962328b,field-eng,,,0,0
AzureDatabricksDeltaLake1,AzureDatabricksDeltaLake,bnelsondatafactory,ADF,3f2e4d32-8e8d-46d6-82bc-5bb8d962328b,field-eng,,,0,0
guanjie_azure_west,AzureDatabricks,guanjie-adf,ADF,3f2e4d32-8e8d-46d6-82bc-5bb8d962328b,field-eng,,,0,0
agdelta,AzureBlobStorage,ag-adf,ADF,3f2e4d32-8e8d-46d6-82bc-5bb8d962328b,field-eng,,,0,0
AzureDatabricksDeltaLake1,AzureDatabricksDeltaLake,guanjie-adf,ADF,3f2e4d32-8e8d-46d6-82bc-5bb8d962328b,field-eng,,,0,0
AzureSqlDatabase1,AzureSqlDatabase,ag-adf,ADF,3f2e4d32-8e8d-46d6-82bc-5bb8d962328b,field-eng,,,0,0
linkedService1,AzureBlobFS,guanjie-adf,ADF,3f2e4d32-8e8d-46d6-82bc-5bb8d962328b,field-eng,,,0,0
guanjie_guanjie_db,SqlServer,guanjie-adf,ADF,3f2e4d32-8e8d-46d6-82bc-5bb8d962328b,field-eng,,,0,0
AzureDatabricks1,AzureDatabricks,test-jan-factory,ADF,5685e448-8271-4cf2-b2d2-4f030db888b9,azure-test-pm,,,0,0
competitive-db,AzureDatabricks,competitive-factory,ADF,5685e448-8271-4cf2-b2d2-4f030db888b9,azure-test-pm,,,0,0
guanjie_db,AzureSqlDatabase,guanjie-adf,ADF,3f2e4d32-8e8d-46d6-82bc-5bb8d962328b,field-eng,,,0,0
wyiaAzureDatabricks2,AzureDatabricks,wyiadf,ADF,3f2e4d32-8e8d-46d6-82bc-5bb8d962328b,field-eng,,,0,0
AzureDatabricksDeltaLake1,AzureDatabricksDeltaLake,adf-fe-uae-01,ADF,3f2e4d32-8e8d-46d6-82bc-5bb8d962328b,field-eng,,,0,0
adb_jaspertesting_001,AzureDatabricks,adf-jaspertesting-001,ADF,3f2e4d32-8e8d-46d6-82bc-5bb8d962328b,field-eng,,,0,1
wyiaAzureDatabricks1,AzureDatabricks,wyiadf,ADF,3f2e4d32-8e8d-46d6-82bc-5bb8d962328b,field-eng,,,0,0
Field Eng Easr,AzureDatabricks,guanjie-adf,ADF,3f2e4d32-8e8d-46d6-82bc-5bb8d962328b,field-eng,,,0,0
AzureBlobStorage,AzureBlobStorage,bilal-salesforce-factory,ADF,5685e448-8271-4cf2-b2d2-4f030db888b9,azure-test-pm,,,0,0
guanjie_storage,AzureBlobStorage,guanjie-adf,ADF,3f2e4d32-8e8d-46d6-82bc-5bb8d962328b,field-eng,,,0,0
FieldSalesforceDemo,Salesforce,bilal-salesforce-factory,ADF,5685e448-8271-4cf2-b2d2-4f030db888b9,azure-test-pm,,,0,0
AzureSqlDatabase1,AzureSqlDatabase,adf-fe-uae-01,ADF,3f2e4d32-8e8d-46d6-82bc-5bb8d962328b,field-eng,,,0,0
AzureDatabricks1,AzureDatabricks,chang-fwd-adf,ADF,3f2e4d32-8e8d-46d6-82bc-5bb8d962328b,field-eng,,,0,0
Sftp1,Sftp,pmt-adf-jason-ping-sftp,ADF,5685e448-8271-4cf2-b2d2-4f030db888b9,azure-test-pm,,,0,0
IsvTeamMySql,AzureMySql,adf-runs,ADF,5685e448-8271-4cf2-b2d2-4f030db888b9,azure-test-pm,,ISV team's MySQL database,0,0
AzureBlobStorage1,AzureBlobStorage,peteradfcuj,ADF,5685e448-8271-4cf2-b2d2-4f030db888b9,azure-test-pm,,,0,0
AzureDatabricks1,AzureDatabricks,tfayyaz-adf-easu-us-dev,ADF,5685e448-8271-4cf2-b2d2-4f030db888b9,azure-test-pm,,,0,0
Sftp_cuj_jasonping_dale_server,Sftp,pmt-adf-jason-ping-sftp,ADF,5685e448-8271-4cf2-b2d2-4f030db888b9,azure-test-pm,,,0,0
AzureDataLakeStorage1,AzureBlobFS,adf-fe-uae-01,ADF,3f2e4d32-8e8d-46d6-82bc-5bb8d962328b,field-eng,,,0,0
e2logfood,AzureDatabricks,adf-runs,ADF,5685e448-8271-4cf2-b2d2-4f030db888b9,azure-test-pm,,,0,0
ls_adls_covidreportingdl,AzureBlobFS,adf-adr,ADF,5685e448-8271-4cf2-b2d2-4f030db888b9,azure-test-pm,,,0,0
ls_http_opendata_ecdc_europa_eu,HttpServer,adf-adr,ADF,5685e448-8271-4cf2-b2d2-4f030db888b9,azure-test-pm,,,0,0
ls_ablob_covidreportingsa,AzureBlobStorage,adf-adr,ADF,5685e448-8271-4cf2-b2d2-4f030db888b9,azure-test-pm,,,0,0
AzureDatabricksTfayyazNeDemo,AzureDatabricks,tfayyaz-ne-adf,ADF,5685e448-8271-4cf2-b2d2-4f030db888b9,azure-test-pm,,,0,0
AzureDataLakeStorage1,AzureBlobFS,tfayyaz-ne-adf,ADF,5685e448-8271-4cf2-b2d2-4f030db888b9,azure-test-pm,,,0,0
AzureDatabricksDeltaLake1,AzureDatabricksDeltaLake,tfayyaz-ne-adf,ADF,5685e448-8271-4cf2-b2d2-4f030db888b9,azure-test-pm,,,0,0
AzureDataLakeStorageGen2GlobalFactoryStorageDataContainer,AzureBlobFS,tfayyaz-ne-adf,ADF,5685e448-8271-4cf2-b2d2-4f030db888b9,azure-test-pm,,,0,0
AzureDatabricksFieldEngEast,AzureDatabricks,tfayyaz-ne-adf,ADF,5685e448-8271-4cf2-b2d2-4f030db888b9,azure-test-pm,,,0,0
AzureDatabricksDeltaLake1,AzureDatabricksDeltaLake,tfayyaz-west-us-adf,ADF,5685e448-8271-4cf2-b2d2-4f030db888b9,azure-test-pm,,,0,0
AzureDataLakeStorage_ etlstoragewestus,AzureBlobFS,tfayyaz-west-us-adf,ADF,5685e448-8271-4cf2-b2d2-4f030db888b9,azure-test-pm,,,0,0
AzureDatabricks_field_eng_east_uc_shared_policy_test_murguia,AzureDatabricks,pmt-adf-west-us,ADF,5685e448-8271-4cf2-b2d2-4f030db888b9,azure-test-pm,,,0,0
AzureDatabricks_field_eng_east_uc_assigned_policy_test_murguia,AzureDatabricks,pmt-adf-west-us,ADF,5685e448-8271-4cf2-b2d2-4f030db888b9,azure-test-pm,,,0,0
AzureDatabricks_field_eng_east,AzureDatabricks,pmt-adf-west-us,ADF,5685e448-8271-4cf2-b2d2-4f030db888b9,azure-test-pm,,,0,0
AzureDatabricks1,AzureDatabricks,tfayyaz-west-us-adf,ADF,5685e448-8271-4cf2-b2d2-4f030db888b9,azure-test-pm,,,0,0
DeltaBlobStorage,AzureBlobStorage,pmt-adf-west-us,ADF,5685e448-8271-4cf2-b2d2-4f030db888b9,azure-test-pm,,,0,0
PmtAzureSqlDatabaseWestUs,AzureSqlDatabase,pmt-adf-west-us,ADF,5685e448-8271-4cf2-b2d2-4f030db888b9,azure-test-pm,,,0,0
NYCTLCAdlsGen2,AzureBlobFS,pmt-adf-west-us,ADF,5685e448-8271-4cf2-b2d2-4f030db888b9,azure-test-pm,,,0,0
AzureDatabricks_field_eng_east_uc_none_policy_test_murgia,AzureDatabricks,pmt-adf-west-us,ADF,5685e448-8271-4cf2-b2d2-4f030db888b9,azure-test-pm,,,0,0
Salesforce Dev,Salesforce,adf-runs,ADF,5685e448-8271-4cf2-b2d2-4f030db888b9,azure-test-pm,,,0,0
AzureDatabricks Adriana,AzureDatabricks,pmt-adf-west-us,ADF,5685e448-8271-4cf2-b2d2-4f030db888b9,azure-test-pm,,,0,0
SqlServer1,SqlServer,adf-runs,ADF,5685e448-8271-4cf2-b2d2-4f030db888b9,azure-test-pm,,,0,0
AzureDatabricks_pmt_databricks_east_us2,AzureDatabricks,pmt-adf-west-us,ADF,5685e448-8271-4cf2-b2d2-4f030db888b9,azure-test-pm,,,0,0
NYCTLCDeltaLS,AzureBlobFS,pmt-adf-west-us,ADF,5685e448-8271-4cf2-b2d2-4f030db888b9,azure-test-pm,,,0,0
AzureDatabricks1,AzureDatabricks,adf-tanishq,ADF,5685e448-8271-4cf2-b2d2-4f030db888b9,azure-test-pm,,,0,0
Salesforce1,SalesforceV2,pmt-adf-west-us-Jason-Test,ADF,5685e448-8271-4cf2-b2d2-4f030db888b9,azure-test-pm,,test connection jason p,0,0
SalesforceADLS,AzureBlobStorage,adf-runs,ADF,5685e448-8271-4cf2-b2d2-4f030db888b9,azure-test-pm,,,0,0
Salesforce1_rayzhu,Salesforce,rayzhu-sf,ADF,5685e448-8271-4cf2-b2d2-4f030db888b9,azure-test-pm,,,0,0
adventureworkslake,AzureBlobFS,adf-runs,ADF,5685e448-8271-4cf2-b2d2-4f030db888b9,azure-test-pm,,,0,0
AzureBlobStorage1,AzureBlobStorage,rayzhu-sf,ADF,5685e448-8271-4cf2-b2d2-4f030db888b9,azure-test-pm,,,0,0
sinksqlserver,AzureSqlDatabase,rayzhu-sf,ADF,5685e448-8271-4cf2-b2d2-4f030db888b9,azure-test-pm,,,0,0
AzureDataLakeStorage1,AzureBlobFS,rayzhu-sf,ADF,5685e448-8271-4cf2-b2d2-4f030db888b9,azure-test-pm,,,0,0
AzureSqlDatabase1,AzureSqlDatabase,rayzhu-sf,ADF,5685e448-8271-4cf2-b2d2-4f030db888b9,azure-test-pm,,,0,0
AzureDatabricksDeltaLake1,AzureDatabricksDeltaLake,rayzhu-sf,ADF,5685e448-8271-4cf2-b2d2-4f030db888b9,azure-test-pm,,,0,0
AzureSqlDatabase3,AzureSqlDatabase,rayzhu-sf,ADF,5685e448-8271-4cf2-b2d2-4f030db888b9,azure-test-pm,,,0,0
AzureSqlDatabase4,AzureSqlDatabase,rayzhu-sf,ADF,5685e448-8271-4cf2-b2d2-4f030db888b9,azure-test-pm,,,0,0
AzureBlobStorage1,AzureBlobStorage,raydfx,ADF,5685e448-8271-4cf2-b2d2-4f030db888b9,azure-test-pm,,,0,0
AzureBlobStorage1,AzureBlobStorage,roryadf,ADF,5685e448-8271-4cf2-b2d2-4f030db888b9,azure-test-pm,,,0,0
AzureFileStorage1,AzureFileStorage,pmt-adf-jason-ping-sftp,ADF,5685e448-8271-4cf2-b2d2-4f030db888b9,azure-test-pm,,,0,0
DatabricksServerlessLinkedService,AzureDatabricks,pmt-adf-eastus2-tahir,ADF,5685e448-8271-4cf2-b2d2-4f030db888b9,azure-test-pm,,,0,1
AzureDataLakeStorage2,AzureBlobFS,rayzhu-sf,ADF,5685e448-8271-4cf2-b2d2-4f030db888b9,azure-test-pm,,,0,0
AmazonRdsForSqlServer1,AmazonRdsForSqlServer,peteradfcuj,ADF,5685e448-8271-4cf2-b2d2-4f030db888b9,azure-test-pm,,,0,0
sourcesqlserver,AzureSqlDatabase,rayzhu-sf,ADF,5685e448-8271-4cf2-b2d2-4f030db888b9,azure-test-pm,,,0,0
AzureSqlDatabase2,AzureSqlDatabase,rayzhu-sf,ADF,5685e448-8271-4cf2-b2d2-4f030db888b9,azure-test-pm,,,0,0
DatabricksLinkedService,AzureDatabricks,pmt-adf-eastus2-tahir,ADF,5685e448-8271-4cf2-b2d2-4f030db888b9,azure-test-pm,,,0,0
Jira1,Jira,pmt-adf-jason-ping-sftp,ADF,5685e448-8271-4cf2-b2d2-4f030db888b9,azure-test-pm,,,0,0
AmazonS31,AmazonS3,antons-test,ADF,5685e448-8271-4cf2-b2d2-4f030db888b9,azure-test-pm,,,0,0
AzureBlobStorage1,AzureBlobStorage,ray-data-factory-1,ADF,5685e448-8271-4cf2-b2d2-4f030db888b9,azure-test-pm,,,0,0
