factory_name,subscription_id,activityName,pipelineName,runId,status,sourceType,sinkType,dataReadBytes,dataWrittenBytes,rowsRead,rowsCopied,copyDurationSec,throughputMBps,diusUsed,parallelCopies,irUsed,ir_type,queueDurationSec,transferDurationSec,estimatedCost,billing_meter_type,billable_duration,billable_unit,cost_formula,subscription_name
adf-adr,5685e448-8271-4cf2-b2d2-4f030db888b9,Copy ECDC Data,pl_ingest_ecdc_data,e6ec2cdd-25a6-4777-83ec-6d233725c40a,Succeeded,HttpServer,AzureBlobFS,1058540,1058540,0,0,35,352.847,4,1,AutoResolveIntegrationRuntime (Switzerland North),azure_ir,30,3,0.017667,AzureIR,0.016666666666666666,DIUHours,4 DIU x 0.0167h x $0.25/DIU-h = $0.0167,azure-test-pm
adf-adr,5685e448-8271-4cf2-b2d2-4f030db888b9,Copy ECDC Data,pl_ingest_ecdc_data,e6ec2cdd-25a6-4777-83ec-6d233725c40a,Succeeded,HttpServer,AzureBlobFS,14445098,14445098,0,0,42,3611.274,4,1,AutoResolveIntegrationRuntime (Switzerland North),azure_ir,37,4,0.017667,AzureIR,0.016666666666666666,DIUHours,4 DIU x 0.0167h x $0.25/DIU-h = $0.0167,azure-test-pm
adf-adr,5685e448-8271-4cf2-b2d2-4f030db888b9,Copy ECDC Data,pl_ingest_ecdc_data,e6ec2cdd-25a6-4777-83ec-6d233725c40a,Succeeded,HttpServer,AzureBlobFS,85887,85887,0,0,39,28.629,4,1,AutoResolveIntegrationRuntime (Switzerland North),azure_ir,34,3,0.017667,AzureIR,0.016666666666666666,DIUHours,4 DIU x 0.0167h x $0.25/DIU-h = $0.0167,azure-test-pm
adf-adr,5685e448-8271-4cf2-b2d2-4f030db888b9,Copy ECDC Data,pl_ingest_ecdc_data,e6ec2cdd-25a6-4777-83ec-6d233725c40a,Succeeded,HttpServer,AzureBlobFS,47308,47308,0,0,40,23.654,4,1,AutoResolveIntegrationRuntime (Switzerland North),azure_ir,35,2,0.017667,AzureIR,0.016666666666666666,DIUHours,4 DIU x 0.0167h x $0.25/DIU-h = $0.0167,azure-test-pm
adf-adr,5685e448-8271-4cf2-b2d2-4f030db888b9,Copy ECDC Data,pl_ingest_ecdc_data,97494162-437b-47d6-8be3-e29a18cdac4b,Succeeded,HttpServer,AzureBlobFS,14445098,14445098,0,0,11,4815.033,4,1,AutoResolveIntegrationRuntime (Switzerland North),azure_ir,6,3,0.017667,AzureIR,0.016666666666666666,DIUHours,4 DIU x 0.0167h x $0.25/DIU-h = $0.0167,azure-test-pm
adf-adr,5685e448-8271-4cf2-b2d2-4f030db888b9,Copy ECDC Data,pl_ingest_ecdc_data,97494162-437b-47d6-8be3-e29a18cdac4b,Succeeded,HttpServer,AzureBlobFS,85887,85887,0,0,10,42.944,4,1,AutoResolveIntegrationRuntime (Switzerland North),azure_ir,6,2,0.017667,AzureIR,0.016666666666666666,DIUHours,4 DIU x 0.0167h x $0.25/DIU-h = $0.0167,azure-test-pm
adf-adr,5685e448-8271-4cf2-b2d2-4f030db888b9,Copy ECDC Data,pl_ingest_ecdc_data,97494162-437b-47d6-8be3-e29a18cdac4b,Succeeded,HttpServer,AzureBlobFS,1058540,1058540,0,0,11,352.847,4,1,AutoResolveIntegrationRuntime (Switzerland North),azure_ir,6,3,0.017667,AzureIR,0.016666666666666666,DIUHours,4 DIU x 0.0167h x $0.25/DIU-h = $0.0167,azure-test-pm
adf-adr,5685e448-8271-4cf2-b2d2-4f030db888b9,Copy ECDC Data,pl_ingest_ecdc_data,97494162-437b-47d6-8be3-e29a18cdac4b,Succeeded,HttpServer,AzureBlobFS,47308,47308,0,0,11,23.654,4,1,AutoResolveIntegrationRuntime (Switzerland North),azure_ir,6,2,0.017667,AzureIR,0.016666666666666666,DIUHours,4 DIU x 0.0167h x $0.25/DIU-h = $0.0167,azure-test-pm
adf-adr,5685e448-8271-4cf2-b2d2-4f030db888b9,Copy ECDC Data,pl_ingest_ecdc_data,8efb1ec9-bbfa-4425-b826-bbb98c4cb856,Succeeded,HttpServer,AzureBlobFS,47308,47308,0,0,15,23.654,4,1,AutoResolveIntegrationRuntime (Switzerland North),azure_ir,10,2,0.017667,AzureIR,0.016666666666666666,DIUHours,4 DIU x 0.0167h x $0.25/DIU-h = $0.0167,azure-test-pm
adf-adr,5685e448-8271-4cf2-b2d2-4f030db888b9,Copy ECDC Data,pl_ingest_ecdc_data,8efb1ec9-bbfa-4425-b826-bbb98c4cb856,Succeeded,HttpServer,AzureBlobFS,85887,85887,0,0,18,42.944,4,1,AutoResolveIntegrationRuntime (Switzerland North),azure_ir,14,2,0.017667,AzureIR,0.016666666666666666,DIUHours,4 DIU x 0.0167h x $0.25/DIU-h = $0.0167,azure-test-pm
adf-adr,5685e448-8271-4cf2-b2d2-4f030db888b9,Copy ECDC Data,pl_ingest_ecdc_data,8efb1ec9-bbfa-4425-b826-bbb98c4cb856,Succeeded,HttpServer,AzureBlobFS,1058540,1058540,0,0,15,529.27,4,1,AutoResolveIntegrationRuntime (Switzerland North),azure_ir,10,2,0.017667,AzureIR,0.016666666666666666,DIUHours,4 DIU x 0.0167h x $0.25/DIU-h = $0.0167,azure-test-pm
adf-adr,5685e448-8271-4cf2-b2d2-4f030db888b9,Copy ECDC Data,pl_ingest_ecdc_data,8efb1ec9-bbfa-4425-b826-bbb98c4cb856,Succeeded,HttpServer,AzureBlobFS,14445098,14445098,0,0,16,4815.033,4,1,AutoResolveIntegrationRuntime (Switzerland North),azure_ir,12,3,0.017667,AzureIR,0.016666666666666666,DIUHours,4 DIU x 0.0167h x $0.25/DIU-h = $0.0167,azure-test-pm
adf-adr,5685e448-8271-4cf2-b2d2-4f030db888b9,Copy ECDC Data,pl_ingest_ecdc_data,c5de41c7-765e-42b2-a86b-b7c437cc398f,Succeeded,HttpServer,AzureBlobFS,1058540,1058540,0,0,12,529.27,4,1,AutoResolveIntegrationRuntime (Switzerland North),azure_ir,7,2,0.017667,AzureIR,0.016666666666666666,DIUHours,4 DIU x 0.0167h x $0.25/DIU-h = $0.0167,azure-test-pm
adf-adr,5685e448-8271-4cf2-b2d2-4f030db888b9,Copy ECDC Data,pl_ingest_ecdc_data,c5de41c7-765e-42b2-a86b-b7c437cc398f,Succeeded,HttpServer,AzureBlobFS,85887,85887,0,0,11,42.944,4,1,AutoResolveIntegrationRuntime (Switzerland North),azure_ir,7,2,0.017667,AzureIR,0.016666666666666666,DIUHours,4 DIU x 0.0167h x $0.25/DIU-h = $0.0167,azure-test-pm
adf-adr,5685e448-8271-4cf2-b2d2-4f030db888b9,Copy ECDC Data,pl_ingest_ecdc_data,c5de41c7-765e-42b2-a86b-b7c437cc398f,Succeeded,HttpServer,AzureBlobFS,47308,47308,0,0,11,23.654,4,1,AutoResolveIntegrationRuntime (Switzerland North),azure_ir,7,2,0.017667,AzureIR,0.016666666666666666,DIUHours,4 DIU x 0.0167h x $0.25/DIU-h = $0.0167,azure-test-pm
adf-adr,5685e448-8271-4cf2-b2d2-4f030db888b9,Copy ECDC Data,pl_ingest_ecdc_data,c5de41c7-765e-42b2-a86b-b7c437cc398f,Succeeded,HttpServer,AzureBlobFS,14445098,14445098,0,0,12,4815.033,4,1,AutoResolveIntegrationRuntime (Switzerland North),azure_ir,7,3,0.017667,AzureIR,0.016666666666666666,DIUHours,4 DIU x 0.0167h x $0.25/DIU-h = $0.0167,azure-test-pm
adf-adr,5685e448-8271-4cf2-b2d2-4f030db888b9,Copy ECDC Data,pl_ingest_ecdc_data,59586662-a0f1-47ad-9ade-bbe08eeb3b1e,Succeeded,HttpServer,AzureBlobFS,1058540,1058540,0,0,11,529.27,4,1,AutoResolveIntegrationRuntime (Switzerland North),azure_ir,6,2,0.017667,AzureIR,0.016666666666666666,DIUHours,4 DIU x 0.0167h x $0.25/DIU-h = $0.0167,azure-test-pm
adf-adr,5685e448-8271-4cf2-b2d2-4f030db888b9,Copy ECDC Data,pl_ingest_ecdc_data,59586662-a0f1-47ad-9ade-bbe08eeb3b1e,Succeeded,HttpServer,AzureBlobFS,14445098,14445098,0,0,11,4815.033,4,1,AutoResolveIntegrationRuntime (Switzerland North),azure_ir,6,3,0.017667,AzureIR,0.016666666666666666,DIUHours,4 DIU x 0.0167h x $0.25/DIU-h = $0.0167,azure-test-pm
adf-adr,5685e448-8271-4cf2-b2d2-4f030db888b9,Copy ECDC Data,pl_ingest_ecdc_data,59586662-a0f1-47ad-9ade-bbe08eeb3b1e,Succeeded,HttpServer,AzureBlobFS,85887,85887,0,0,14,28.629,4,1,AutoResolveIntegrationRuntime (Switzerland North),azure_ir,8,3,0.017667,AzureIR,0.016666666666666666,DIUHours,4 DIU x 0.0167h x $0.25/DIU-h = $0.0167,azure-test-pm
adf-adr,5685e448-8271-4cf2-b2d2-4f030db888b9,Copy ECDC Data,pl_ingest_ecdc_data,59586662-a0f1-47ad-9ade-bbe08eeb3b1e,Succeeded,HttpServer,AzureBlobFS,47308,47308,0,0,11,15.769,4,1,AutoResolveIntegrationRuntime (Switzerland North),azure_ir,7,3,0.017667,AzureIR,0.016666666666666666,DIUHours,4 DIU x 0.0167h x $0.25/DIU-h = $0.0167,azure-test-pm
adf-adr,5685e448-8271-4cf2-b2d2-4f030db888b9,Copy ECDC Data,pl_ingest_ecdc_data,5cb2e5d5-5475-4b53-bc7e-f9f190aa9631,Succeeded,HttpServer,AzureBlobFS,47308,47308,0,0,13,15.769,4,1,AutoResolveIntegrationRuntime (Switzerland North),azure_ir,7,3,0.017667,AzureIR,0.016666666666666666,DIUHours,4 DIU x 0.0167h x $0.25/DIU-h = $0.0167,azure-test-pm
adf-adr,5685e448-8271-4cf2-b2d2-4f030db888b9,Copy ECDC Data,pl_ingest_ecdc_data,5cb2e5d5-5475-4b53-bc7e-f9f190aa9631,Succeeded,HttpServer,AzureBlobFS,85887,85887,0,0,10,42.944,4,1,AutoResolveIntegrationRuntime (Switzerland North),azure_ir,6,2,0.017667,AzureIR,0.016666666666666666,DIUHours,4 DIU x 0.0167h x $0.25/DIU-h = $0.0167,azure-test-pm
adf-adr,5685e448-8271-4cf2-b2d2-4f030db888b9,Copy ECDC Data,pl_ingest_ecdc_data,5cb2e5d5-5475-4b53-bc7e-f9f190aa9631,Succeeded,HttpServer,AzureBlobFS,1058540,1058540,0,0,13,352.847,4,1,AutoResolveIntegrationRuntime (Switzerland North),azure_ir,8,3,0.017667,AzureIR,0.016666666666666666,DIUHours,4 DIU x 0.0167h x $0.25/DIU-h = $0.0167,azure-test-pm
adf-adr,5685e448-8271-4cf2-b2d2-4f030db888b9,Copy ECDC Data,pl_ingest_ecdc_data,5cb2e5d5-5475-4b53-bc7e-f9f190aa9631,Succeeded,HttpServer,AzureBlobFS,14445098,14445098,0,0,11,4815.033,4,1,AutoResolveIntegrationRuntime (Switzerland North),azure_ir,6,3,0.017667,AzureIR,0.016666666666666666,DIUHours,4 DIU x 0.0167h x $0.25/DIU-h = $0.0167,azure-test-pm
adf-adr,5685e448-8271-4cf2-b2d2-4f030db888b9,Copy ECDC Data,pl_ingest_ecdc_data,a86f6373-a003-465f-93c0-cf09d0f88d4c,Succeeded,HttpServer,AzureBlobFS,1058540,1058540,0,0,10,529.27,4,1,AutoResolveIntegrationRuntime (Switzerland North),azure_ir,5,2,0.017667,AzureIR,0.016666666666666666,DIUHours,4 DIU x 0.0167h x $0.25/DIU-h = $0.0167,azure-test-pm
adf-adr,5685e448-8271-4cf2-b2d2-4f030db888b9,Copy ECDC Data,pl_ingest_ecdc_data,a86f6373-a003-465f-93c0-cf09d0f88d4c,Succeeded,HttpServer,AzureBlobFS,14445098,14445098,0,0,10,4815.033,4,1,AutoResolveIntegrationRuntime (Switzerland North),azure_ir,5,3,0.017667,AzureIR,0.016666666666666666,DIUHours,4 DIU x 0.0167h x $0.25/DIU-h = $0.0167,azure-test-pm
adf-adr,5685e448-8271-4cf2-b2d2-4f030db888b9,Copy ECDC Data,pl_ingest_ecdc_data,a86f6373-a003-465f-93c0-cf09d0f88d4c,Succeeded,HttpServer,AzureBlobFS,85887,85887,0,0,10,42.944,4,1,AutoResolveIntegrationRuntime (Switzerland North),azure_ir,5,2,0.017667,AzureIR,0.016666666666666666,DIUHours,4 DIU x 0.0167h x $0.25/DIU-h = $0.0167,azure-test-pm
adf-adr,5685e448-8271-4cf2-b2d2-4f030db888b9,Copy ECDC Data,pl_ingest_ecdc_data,a86f6373-a003-465f-93c0-cf09d0f88d4c,Succeeded,HttpServer,AzureBlobFS,47308,47308,0,0,9,23.654,4,1,AutoResolveIntegrationRuntime (Switzerland North),azure_ir,5,2,0.017667,AzureIR,0.016666666666666666,DIUHours,4 DIU x 0.0167h x $0.25/DIU-h = $0.0167,azure-test-pm
adf-adr,5685e448-8271-4cf2-b2d2-4f030db888b9,Copy ECDC Data,pl_ingest_ecdc_data,1362c0ad-e680-43a2-a38c-0e97f9ea9ad9,Succeeded,HttpServer,AzureBlobFS,14445098,14445098,0,0,11,4815.033,4,1,AutoResolveIntegrationRuntime (Switzerland North),azure_ir,6,3,0.017667,AzureIR,0.016666666666666666,DIUHours,4 DIU x 0.0167h x $0.25/DIU-h = $0.0167,azure-test-pm
adf-adr,5685e448-8271-4cf2-b2d2-4f030db888b9,Copy ECDC Data,pl_ingest_ecdc_data,1362c0ad-e680-43a2-a38c-0e97f9ea9ad9,Succeeded,HttpServer,AzureBlobFS,1058540,1058540,0,0,10,529.27,4,1,AutoResolveIntegrationRuntime (Switzerland North),azure_ir,6,2,0.017667,AzureIR,0.016666666666666666,DIUHours,4 DIU x 0.0167h x $0.25/DIU-h = $0.0167,azure-test-pm
adf-adr,5685e448-8271-4cf2-b2d2-4f030db888b9,Copy ECDC Data,pl_ingest_ecdc_data,1362c0ad-e680-43a2-a38c-0e97f9ea9ad9,Succeeded,HttpServer,AzureBlobFS,85887,85887,0,0,10,42.944,4,1,AutoResolveIntegrationRuntime (Switzerland North),azure_ir,6,2,0.017667,AzureIR,0.016666666666666666,DIUHours,4 DIU x 0.0167h x $0.25/DIU-h = $0.0167,azure-test-pm
adf-adr,5685e448-8271-4cf2-b2d2-4f030db888b9,Copy ECDC Data,pl_ingest_ecdc_data,1362c0ad-e680-43a2-a38c-0e97f9ea9ad9,Succeeded,HttpServer,AzureBlobFS,47308,47308,0,0,10,23.654,4,1,AutoResolveIntegrationRuntime (Switzerland North),azure_ir,6,2,0.017667,AzureIR,0.016666666666666666,DIUHours,4 DIU x 0.0167h x $0.25/DIU-h = $0.0167,azure-test-pm
adf-adr,5685e448-8271-4cf2-b2d2-4f030db888b9,Copy ECDC Data,pl_ingest_ecdc_data,d794f612-4fc4-4156-aad0-422149ce6133,Succeeded,HttpServer,AzureBlobFS,85887,85887,0,0,10,42.944,4,1,AutoResolveIntegrationRuntime (Switzerland North),azure_ir,6,2,0.017667,AzureIR,0.016666666666666666,DIUHours,4 DIU x 0.0167h x $0.25/DIU-h = $0.0167,azure-test-pm
adf-adr,5685e448-8271-4cf2-b2d2-4f030db888b9,Copy ECDC Data,pl_ingest_ecdc_data,d794f612-4fc4-4156-aad0-422149ce6133,Succeeded,HttpServer,AzureBlobFS,14445098,14445098,0,0,10,4815.033,4,1,AutoResolveIntegrationRuntime (Switzerland North),azure_ir,5,3,0.017667,AzureIR,0.016666666666666666,DIUHours,4 DIU x 0.0167h x $0.25/DIU-h = $0.0167,azure-test-pm
adf-adr,5685e448-8271-4cf2-b2d2-4f030db888b9,Copy ECDC Data,pl_ingest_ecdc_data,d794f612-4fc4-4156-aad0-422149ce6133,Succeeded,HttpServer,AzureBlobFS,47308,47308,0,0,10,23.654,4,1,AutoResolveIntegrationRuntime (Switzerland North),azure_ir,6,2,0.017667,AzureIR,0.016666666666666666,DIUHours,4 DIU x 0.0167h x $0.25/DIU-h = $0.0167,azure-test-pm
adf-adr,5685e448-8271-4cf2-b2d2-4f030db888b9,Copy ECDC Data,pl_ingest_ecdc_data,d794f612-4fc4-4156-aad0-422149ce6133,Succeeded,HttpServer,AzureBlobFS,1058540,1058540,0,0,10,529.27,4,1,AutoResolveIntegrationRuntime (Switzerland North),azure_ir,5,2,0.017667,AzureIR,0.016666666666666666,DIUHours,4 DIU x 0.0167h x $0.25/DIU-h = $0.0167,azure-test-pm
adf-adr,5685e448-8271-4cf2-b2d2-4f030db888b9,Copy ECDC Data,pl_ingest_ecdc_data,e58d03aa-8ffe-45ba-ac94-94b57301ffa5,Succeeded,HttpServer,AzureBlobFS,47308,47308,0,0,12,23.654,4,1,AutoResolveIntegrationRuntime (Switzerland North),azure_ir,7,2,0.017667,AzureIR,0.016666666666666666,DIUHours,4 DIU x 0.0167h x $0.25/DIU-h = $0.0167,azure-test-pm
adf-adr,5685e448-8271-4cf2-b2d2-4f030db888b9,Copy ECDC Data,pl_ingest_ecdc_data,e58d03aa-8ffe-45ba-ac94-94b57301ffa5,Succeeded,HttpServer,AzureBlobFS,14445098,14445098,0,0,14,4815.033,4,1,AutoResolveIntegrationRuntime (Switzerland North),azure_ir,8,3,0.017667,AzureIR,0.016666666666666666,DIUHours,4 DIU x 0.0167h x $0.25/DIU-h = $0.0167,azure-test-pm
adf-adr,5685e448-8271-4cf2-b2d2-4f030db888b9,Copy ECDC Data,pl_ingest_ecdc_data,e58d03aa-8ffe-45ba-ac94-94b57301ffa5,Succeeded,HttpServer,AzureBlobFS,1058540,1058540,0,0,12,529.27,4,1,AutoResolveIntegrationRuntime (Switzerland North),azure_ir,7,2,0.017667,AzureIR,0.016666666666666666,DIUHours,4 DIU x 0.0167h x $0.25/DIU-h = $0.0167,azure-test-pm
adf-adr,5685e448-8271-4cf2-b2d2-4f030db888b9,Copy ECDC Data,pl_ingest_ecdc_data,e58d03aa-8ffe-45ba-ac94-94b57301ffa5,Succeeded,HttpServer,AzureBlobFS,85887,85887,0,0,16,28.629,4,1,AutoResolveIntegrationRuntime (Switzerland North),azure_ir,10,3,0.017667,AzureIR,0.016666666666666666,DIUHours,4 DIU x 0.0167h x $0.25/DIU-h = $0.0167,azure-test-pm
adf-adr,5685e448-8271-4cf2-b2d2-4f030db888b9,Copy ECDC Data,pl_ingest_ecdc_data,0e508b0b-1fa1-4b00-9f4d-9ace9b8006ed,Succeeded,HttpServer,AzureBlobFS,47308,47308,0,0,11,15.769,4,1,AutoResolveIntegrationRuntime (Switzerland North),azure_ir,6,3,0.017667,AzureIR,0.016666666666666666,DIUHours,4 DIU x 0.0167h x $0.25/DIU-h = $0.0167,azure-test-pm
adf-adr,5685e448-8271-4cf2-b2d2-4f030db888b9,Copy ECDC Data,pl_ingest_ecdc_data,0e508b0b-1fa1-4b00-9f4d-9ace9b8006ed,Succeeded,HttpServer,AzureBlobFS,1058540,1058540,0,0,14,352.847,4,1,AutoResolveIntegrationRuntime (Switzerland North),azure_ir,9,3,0.017667,AzureIR,0.016666666666666666,DIUHours,4 DIU x 0.0167h x $0.25/DIU-h = $0.0167,azure-test-pm
adf-adr,5685e448-8271-4cf2-b2d2-4f030db888b9,Copy ECDC Data,pl_ingest_ecdc_data,0e508b0b-1fa1-4b00-9f4d-9ace9b8006ed,Succeeded,HttpServer,AzureBlobFS,85887,85887,0,0,14,28.629,4,1,AutoResolveIntegrationRuntime (Switzerland North),azure_ir,9,3,0.017667,AzureIR,0.016666666666666666,DIUHours,4 DIU x 0.0167h x $0.25/DIU-h = $0.0167,azure-test-pm
adf-adr,5685e448-8271-4cf2-b2d2-4f030db888b9,Copy ECDC Data,pl_ingest_ecdc_data,0e508b0b-1fa1-4b00-9f4d-9ace9b8006ed,Succeeded,HttpServer,AzureBlobFS,14445098,14445098,0,0,13,4815.033,4,1,AutoResolveIntegrationRuntime (Switzerland North),azure_ir,7,3,0.017667,AzureIR,0.016666666666666666,DIUHours,4 DIU x 0.0167h x $0.25/DIU-h = $0.0167,azure-test-pm
adf-adr,5685e448-8271-4cf2-b2d2-4f030db888b9,Copy ECDC Data,pl_ingest_ecdc_data,24ed1501-562b-4964-9628-d491edce2c0a,Succeeded,HttpServer,AzureBlobFS,47308,47308,0,0,10,23.654,4,1,AutoResolveIntegrationRuntime (Switzerland North),azure_ir,6,2,0.017667,AzureIR,0.016666666666666666,DIUHours,4 DIU x 0.0167h x $0.25/DIU-h = $0.0167,azure-test-pm
adf-adr,5685e448-8271-4cf2-b2d2-4f030db888b9,Copy ECDC Data,pl_ingest_ecdc_data,24ed1501-562b-4964-9628-d491edce2c0a,Succeeded,HttpServer,AzureBlobFS,14445098,14445098,0,0,11,4815.033,4,1,AutoResolveIntegrationRuntime (Switzerland North),azure_ir,6,3,0.017667,AzureIR,0.016666666666666666,DIUHours,4 DIU x 0.0167h x $0.25/DIU-h = $0.0167,azure-test-pm
adf-adr,5685e448-8271-4cf2-b2d2-4f030db888b9,Copy ECDC Data,pl_ingest_ecdc_data,24ed1501-562b-4964-9628-d491edce2c0a,Succeeded,HttpServer,AzureBlobFS,1058540,1058540,0,0,10,529.27,4,1,AutoResolveIntegrationRuntime (Switzerland North),azure_ir,5,2,0.017667,AzureIR,0.016666666666666666,DIUHours,4 DIU x 0.0167h x $0.25/DIU-h = $0.0167,azure-test-pm
adf-adr,5685e448-8271-4cf2-b2d2-4f030db888b9,Copy ECDC Data,pl_ingest_ecdc_data,24ed1501-562b-4964-9628-d491edce2c0a,Succeeded,HttpServer,AzureBlobFS,85887,85887,0,0,10,42.944,4,1,AutoResolveIntegrationRuntime (Switzerland North),azure_ir,6,2,0.017667,AzureIR,0.016666666666666666,DIUHours,4 DIU x 0.0167h x $0.25/DIU-h = $0.0167,azure-test-pm
adf-adr,5685e448-8271-4cf2-b2d2-4f030db888b9,Copy ECDC Data,pl_ingest_ecdc_data,6e48bd1c-9110-4ac7-a8f8-60d77ec55cde,Succeeded,HttpServer,AzureBlobFS,47308,47308,0,0,13,15.769,4,1,AutoResolveIntegrationRuntime (Switzerland North),azure_ir,8,3,0.017667,AzureIR,0.016666666666666666,DIUHours,4 DIU x 0.0167h x $0.25/DIU-h = $0.0167,azure-test-pm
adf-adr,5685e448-8271-4cf2-b2d2-4f030db888b9,Copy ECDC Data,pl_ingest_ecdc_data,6e48bd1c-9110-4ac7-a8f8-60d77ec55cde,Succeeded,HttpServer,AzureBlobFS,1058540,1058540,0,0,11,352.847,4,1,AutoResolveIntegrationRuntime (Switzerland North),azure_ir,6,3,0.017667,AzureIR,0.016666666666666666,DIUHours,4 DIU x 0.0167h x $0.25/DIU-h = $0.0167,azure-test-pm
adf-adr,5685e448-8271-4cf2-b2d2-4f030db888b9,Copy ECDC Data,pl_ingest_ecdc_data,6e48bd1c-9110-4ac7-a8f8-60d77ec55cde,Succeeded,HttpServer,AzureBlobFS,14445098,14445098,0,0,11,4815.033,4,1,AutoResolveIntegrationRuntime (Switzerland North),azure_ir,6,3,0.017667,AzureIR,0.016666666666666666,DIUHours,4 DIU x 0.0167h x $0.25/DIU-h = $0.0167,azure-test-pm
adf-adr,5685e448-8271-4cf2-b2d2-4f030db888b9,Copy ECDC Data,pl_ingest_ecdc_data,6e48bd1c-9110-4ac7-a8f8-60d77ec55cde,Succeeded,HttpServer,AzureBlobFS,85887,85887,0,0,11,28.629,4,1,AutoResolveIntegrationRuntime (Switzerland North),azure_ir,6,3,0.017667,AzureIR,0.016666666666666666,DIUHours,4 DIU x 0.0167h x $0.25/DIU-h = $0.0167,azure-test-pm
adf-adr,5685e448-8271-4cf2-b2d2-4f030db888b9,Copy ECDC Data,pl_ingest_ecdc_data,6a113125-6a8f-4175-b79a-7b9d22fe2473,Succeeded,HttpServer,AzureBlobFS,14445098,14445098,0,0,13,3611.274,4,1,AutoResolveIntegrationRuntime (Switzerland North),azure_ir,7,4,0.017667,AzureIR,0.016666666666666666,DIUHours,4 DIU x 0.0167h x $0.25/DIU-h = $0.0167,azure-test-pm
adf-adr,5685e448-8271-4cf2-b2d2-4f030db888b9,Copy ECDC Data,pl_ingest_ecdc_data,6a113125-6a8f-4175-b79a-7b9d22fe2473,Succeeded,HttpServer,AzureBlobFS,47308,47308,0,0,13,15.769,4,1,AutoResolveIntegrationRuntime (Switzerland North),azure_ir,8,3,0.017667,AzureIR,0.016666666666666666,DIUHours,4 DIU x 0.0167h x $0.25/DIU-h = $0.0167,azure-test-pm
adf-adr,5685e448-8271-4cf2-b2d2-4f030db888b9,Copy ECDC Data,pl_ingest_ecdc_data,6a113125-6a8f-4175-b79a-7b9d22fe2473,Failed,HttpServer,AzureBlobFS,0,0,0,0,9,0.0,4,1,AutoResolveIntegrationRuntime (Switzerland North),azure_ir,6,2,0.017667,AzureIR,0.016666666666666666,DIUHours,4 DIU x 0.0167h x $0.25/DIU-h = $0.0167,azure-test-pm
adf-adr,5685e448-8271-4cf2-b2d2-4f030db888b9,Copy ECDC Data,pl_ingest_ecdc_data,6a113125-6a8f-4175-b79a-7b9d22fe2473,Succeeded,HttpServer,AzureBlobFS,1058540,1058540,0,0,15,352.847,4,1,AutoResolveIntegrationRuntime (Switzerland North),azure_ir,8,3,0.017667,AzureIR,0.016666666666666666,DIUHours,4 DIU x 0.0167h x $0.25/DIU-h = $0.0167,azure-test-pm
adf-adr,5685e448-8271-4cf2-b2d2-4f030db888b9,Copy ECDC Data,pl_ingest_ecdc_data,74fd0ad8-4ce0-47de-86f8-4c40e39df120,Succeeded,HttpServer,AzureBlobFS,1058540,1058540,0,0,12,529.27,4,1,AutoResolveIntegrationRuntime (Switzerland North),azure_ir,7,2,0.017667,AzureIR,0.016666666666666666,DIUHours,4 DIU x 0.0167h x $0.25/DIU-h = $0.0167,azure-test-pm
adf-adr,5685e448-8271-4cf2-b2d2-4f030db888b9,Copy ECDC Data,pl_ingest_ecdc_data,74fd0ad8-4ce0-47de-86f8-4c40e39df120,Succeeded,HttpServer,AzureBlobFS,47308,47308,0,0,11,23.654,4,1,AutoResolveIntegrationRuntime (Switzerland North),azure_ir,7,2,0.017667,AzureIR,0.016666666666666666,DIUHours,4 DIU x 0.0167h x $0.25/DIU-h = $0.0167,azure-test-pm
adf-adr,5685e448-8271-4cf2-b2d2-4f030db888b9,Copy ECDC Data,pl_ingest_ecdc_data,74fd0ad8-4ce0-47de-86f8-4c40e39df120,Succeeded,HttpServer,AzureBlobFS,14445098,14445098,0,0,12,4815.033,4,1,AutoResolveIntegrationRuntime (Switzerland North),azure_ir,7,3,0.017667,AzureIR,0.016666666666666666,DIUHours,4 DIU x 0.0167h x $0.25/DIU-h = $0.0167,azure-test-pm
adf-adr,5685e448-8271-4cf2-b2d2-4f030db888b9,Copy ECDC Data,pl_ingest_ecdc_data,74fd0ad8-4ce0-47de-86f8-4c40e39df120,Succeeded,HttpServer,AzureBlobFS,85887,85887,0,0,10,42.944,4,1,AutoResolveIntegrationRuntime (Switzerland North),azure_ir,6,2,0.017667,AzureIR,0.016666666666666666,DIUHours,4 DIU x 0.0167h x $0.25/DIU-h = $0.0167,azure-test-pm
adf-adr,5685e448-8271-4cf2-b2d2-4f030db888b9,Copy ECDC Data,pl_ingest_ecdc_data,db5aa7a4-c441-4121-9dbc-e990dbc4af3b,Succeeded,HttpServer,AzureBlobFS,1058540,1058540,0,0,12,529.27,4,1,AutoResolveIntegrationRuntime (Switzerland North),azure_ir,7,2,0.017667,AzureIR,0.016666666666666666,DIUHours,4 DIU x 0.0167h x $0.25/DIU-h = $0.0167,azure-test-pm
adf-adr,5685e448-8271-4cf2-b2d2-4f030db888b9,Copy ECDC Data,pl_ingest_ecdc_data,db5aa7a4-c441-4121-9dbc-e990dbc4af3b,Succeeded,HttpServer,AzureBlobFS,47308,47308,0,0,11,23.654,4,1,AutoResolveIntegrationRuntime (Switzerland North),azure_ir,7,2,0.017667,AzureIR,0.016666666666666666,DIUHours,4 DIU x 0.0167h x $0.25/DIU-h = $0.0167,azure-test-pm
adf-adr,5685e448-8271-4cf2-b2d2-4f030db888b9,Copy ECDC Data,pl_ingest_ecdc_data,db5aa7a4-c441-4121-9dbc-e990dbc4af3b,Succeeded,HttpServer,AzureBlobFS,85887,85887,0,0,12,28.629,4,1,AutoResolveIntegrationRuntime (Switzerland North),azure_ir,8,3,0.017667,AzureIR,0.016666666666666666,DIUHours,4 DIU x 0.0167h x $0.25/DIU-h = $0.0167,azure-test-pm
adf-adr,5685e448-8271-4cf2-b2d2-4f030db888b9,Copy ECDC Data,pl_ingest_ecdc_data,db5aa7a4-c441-4121-9dbc-e990dbc4af3b,Succeeded,HttpServer,AzureBlobFS,14445098,14445098,0,0,13,4815.033,4,1,AutoResolveIntegrationRuntime (Switzerland North),azure_ir,8,3,0.017667,AzureIR,0.016666666666666666,DIUHours,4 DIU x 0.0167h x $0.25/DIU-h = $0.0167,azure-test-pm
adf-adr,5685e448-8271-4cf2-b2d2-4f030db888b9,Copy ECDC Data,pl_ingest_ecdc_data,09d97965-e1f7-436b-9e27-2fce6b5c6007,Succeeded,HttpServer,AzureBlobFS,85887,85887,0,0,11,42.944,4,1,AutoResolveIntegrationRuntime (Switzerland North),azure_ir,6,2,0.017667,AzureIR,0.016666666666666666,DIUHours,4 DIU x 0.0167h x $0.25/DIU-h = $0.0167,azure-test-pm
adf-adr,5685e448-8271-4cf2-b2d2-4f030db888b9,Copy ECDC Data,pl_ingest_ecdc_data,09d97965-e1f7-436b-9e27-2fce6b5c6007,Succeeded,HttpServer,AzureBlobFS,47308,47308,0,0,10,23.654,4,1,AutoResolveIntegrationRuntime (Switzerland North),azure_ir,6,2,0.017667,AzureIR,0.016666666666666666,DIUHours,4 DIU x 0.0167h x $0.25/DIU-h = $0.0167,azure-test-pm
adf-adr,5685e448-8271-4cf2-b2d2-4f030db888b9,Copy ECDC Data,pl_ingest_ecdc_data,09d97965-e1f7-436b-9e27-2fce6b5c6007,Succeeded,HttpServer,AzureBlobFS,14445098,14445098,0,0,10,4815.033,4,1,AutoResolveIntegrationRuntime (Switzerland North),azure_ir,6,3,0.017667,AzureIR,0.016666666666666666,DIUHours,4 DIU x 0.0167h x $0.25/DIU-h = $0.0167,azure-test-pm
adf-adr,5685e448-8271-4cf2-b2d2-4f030db888b9,Copy ECDC Data,pl_ingest_ecdc_data,09d97965-e1f7-436b-9e27-2fce6b5c6007,Succeeded,HttpServer,AzureBlobFS,1058540,1058540,0,0,10,529.27,4,1,AutoResolveIntegrationRuntime (Switzerland North),azure_ir,6,2,0.017667,AzureIR,0.016666666666666666,DIUHours,4 DIU x 0.0167h x $0.25/DIU-h = $0.0167,azure-test-pm
adf-adr,5685e448-8271-4cf2-b2d2-4f030db888b9,Copy ECDC Data,pl_ingest_ecdc_data,b18db64a-7ab3-4c91-a9b0-61282ed61d07,Succeeded,HttpServer,AzureBlobFS,1058540,1058540,0,0,14,352.847,4,1,AutoResolveIntegrationRuntime (Switzerland North),azure_ir,8,3,0.017667,AzureIR,0.016666666666666666,DIUHours,4 DIU x 0.0167h x $0.25/DIU-h = $0.0167,azure-test-pm
adf-adr,5685e448-8271-4cf2-b2d2-4f030db888b9,Copy ECDC Data,pl_ingest_ecdc_data,b18db64a-7ab3-4c91-a9b0-61282ed61d07,Succeeded,HttpServer,AzureBlobFS,85887,85887,0,0,10,42.944,4,1,AutoResolveIntegrationRuntime (Switzerland North),azure_ir,6,2,0.017667,AzureIR,0.016666666666666666,DIUHours,4 DIU x 0.0167h x $0.25/DIU-h = $0.0167,azure-test-pm
adf-adr,5685e448-8271-4cf2-b2d2-4f030db888b9,Copy ECDC Data,pl_ingest_ecdc_data,b18db64a-7ab3-4c91-a9b0-61282ed61d07,Succeeded,HttpServer,AzureBlobFS,14445098,14445098,0,0,12,4815.033,4,1,AutoResolveIntegrationRuntime (Switzerland North),azure_ir,7,3,0.017667,AzureIR,0.016666666666666666,DIUHours,4 DIU x 0.0167h x $0.25/DIU-h = $0.0167,azure-test-pm
adf-adr,5685e448-8271-4cf2-b2d2-4f030db888b9,Copy ECDC Data,pl_ingest_ecdc_data,b18db64a-7ab3-4c91-a9b0-61282ed61d07,Succeeded,HttpServer,AzureBlobFS,47308,47308,0,0,10,23.654,4,1,AutoResolveIntegrationRuntime (Switzerland North),azure_ir,6,2,0.017667,AzureIR,0.016666666666666666,DIUHours,4 DIU x 0.0167h x $0.25/DIU-h = $0.0167,azure-test-pm
adf-adr,5685e448-8271-4cf2-b2d2-4f030db888b9,Copy ECDC Data,pl_ingest_ecdc_data,3769862e-8132-4e98-9d6d-ab6c5ddb9b1a,Succeeded,HttpServer,AzureBlobFS,85887,85887,0,0,11,42.944,4,1,AutoResolveIntegrationRuntime (Switzerland North),azure_ir,7,2,0.017667,AzureIR,0.016666666666666666,DIUHours,4 DIU x 0.0167h x $0.25/DIU-h = $0.0167,azure-test-pm
adf-adr,5685e448-8271-4cf2-b2d2-4f030db888b9,Copy ECDC Data,pl_ingest_ecdc_data,3769862e-8132-4e98-9d6d-ab6c5ddb9b1a,Succeeded,HttpServer,AzureBlobFS,47308,47308,0,0,13,15.769,4,1,AutoResolveIntegrationRuntime (Switzerland North),azure_ir,8,3,0.017667,AzureIR,0.016666666666666666,DIUHours,4 DIU x 0.0167h x $0.25/DIU-h = $0.0167,azure-test-pm
adf-adr,5685e448-8271-4cf2-b2d2-4f030db888b9,Copy ECDC Data,pl_ingest_ecdc_data,3769862e-8132-4e98-9d6d-ab6c5ddb9b1a,Succeeded,HttpServer,AzureBlobFS,14445098,14445098,0,0,11,4815.033,4,1,AutoResolveIntegrationRuntime (Switzerland North),azure_ir,6,3,0.017667,AzureIR,0.016666666666666666,DIUHours,4 DIU x 0.0167h x $0.25/DIU-h = $0.0167,azure-test-pm
adf-adr,5685e448-8271-4cf2-b2d2-4f030db888b9,Copy ECDC Data,pl_ingest_ecdc_data,3769862e-8132-4e98-9d6d-ab6c5ddb9b1a,Succeeded,HttpServer,AzureBlobFS,1058540,1058540,0,0,11,529.27,4,1,AutoResolveIntegrationRuntime (Switzerland North),azure_ir,6,2,0.017667,AzureIR,0.016666666666666666,DIUHours,4 DIU x 0.0167h x $0.25/DIU-h = $0.0167,azure-test-pm
adf-adr,5685e448-8271-4cf2-b2d2-4f030db888b9,Copy ECDC Data,pl_ingest_ecdc_data,471df14f-c8ca-4248-a49d-4f66b17b3f76,Succeeded,HttpServer,AzureBlobFS,14445098,14445098,0,0,10,4815.033,4,1,AutoResolveIntegrationRuntime (Switzerland North),azure_ir,5,3,0.017667,AzureIR,0.016666666666666666,DIUHours,4 DIU x 0.0167h x $0.25/DIU-h = $0.0167,azure-test-pm
adf-adr,5685e448-8271-4cf2-b2d2-4f030db888b9,Copy ECDC Data,pl_ingest_ecdc_data,471df14f-c8ca-4248-a49d-4f66b17b3f76,Succeeded,HttpServer,AzureBlobFS,47308,47308,0,0,9,23.654,4,1,AutoResolveIntegrationRuntime (Switzerland North),azure_ir,5,2,0.017667,AzureIR,0.016666666666666666,DIUHours,4 DIU x 0.0167h x $0.25/DIU-h = $0.0167,azure-test-pm
adf-adr,5685e448-8271-4cf2-b2d2-4f030db888b9,Copy ECDC Data,pl_ingest_ecdc_data,471df14f-c8ca-4248-a49d-4f66b17b3f76,Succeeded,HttpServer,AzureBlobFS,85887,85887,0,0,10,42.944,4,1,AutoResolveIntegrationRuntime (Switzerland North),azure_ir,6,2,0.017667,AzureIR,0.016666666666666666,DIUHours,4 DIU x 0.0167h x $0.25/DIU-h = $0.0167,azure-test-pm
adf-adr,5685e448-8271-4cf2-b2d2-4f030db888b9,Copy ECDC Data,pl_ingest_ecdc_data,471df14f-c8ca-4248-a49d-4f66b17b3f76,Succeeded,HttpServer,AzureBlobFS,1058540,1058540,0,0,13,352.847,4,1,AutoResolveIntegrationRuntime (Switzerland North),azure_ir,7,3,0.017667,AzureIR,0.016666666666666666,DIUHours,4 DIU x 0.0167h x $0.25/DIU-h = $0.0167,azure-test-pm
adf-adr,5685e448-8271-4cf2-b2d2-4f030db888b9,Copy ECDC Data,pl_ingest_ecdc_data,706d0117-4eb2-43cb-b799-f703ed51ea03,Succeeded,HttpServer,AzureBlobFS,47308,47308,0,0,10,23.654,4,1,AutoResolveIntegrationRuntime (Switzerland North),azure_ir,6,2,0.017667,AzureIR,0.016666666666666666,DIUHours,4 DIU x 0.0167h x $0.25/DIU-h = $0.0167,azure-test-pm
adf-adr,5685e448-8271-4cf2-b2d2-4f030db888b9,Copy ECDC Data,pl_ingest_ecdc_data,706d0117-4eb2-43cb-b799-f703ed51ea03,Succeeded,HttpServer,AzureBlobFS,14445098,14445098,0,0,10,4815.033,4,1,AutoResolveIntegrationRuntime (Switzerland North),azure_ir,5,3,0.017667,AzureIR,0.016666666666666666,DIUHours,4 DIU x 0.0167h x $0.25/DIU-h = $0.0167,azure-test-pm
adf-adr,5685e448-8271-4cf2-b2d2-4f030db888b9,Copy ECDC Data,pl_ingest_ecdc_data,706d0117-4eb2-43cb-b799-f703ed51ea03,Succeeded,HttpServer,AzureBlobFS,1058540,1058540,0,0,9,529.27,4,1,AutoResolveIntegrationRuntime (Switzerland North),azure_ir,5,2,0.017667,AzureIR,0.016666666666666666,DIUHours,4 DIU x 0.0167h x $0.25/DIU-h = $0.0167,azure-test-pm
adf-adr,5685e448-8271-4cf2-b2d2-4f030db888b9,Copy ECDC Data,pl_ingest_ecdc_data,706d0117-4eb2-43cb-b799-f703ed51ea03,Succeeded,HttpServer,AzureBlobFS,85887,85887,0,0,14,28.629,4,1,AutoResolveIntegrationRuntime (Switzerland North),azure_ir,9,3,0.017667,AzureIR,0.016666666666666666,DIUHours,4 DIU x 0.0167h x $0.25/DIU-h = $0.0167,azure-test-pm
adf-adr,5685e448-8271-4cf2-b2d2-4f030db888b9,Copy ECDC Data,pl_ingest_ecdc_data,f7af842c-7971-4c8c-9cdf-21ec9fa139f6,Succeeded,HttpServer,AzureBlobFS,14445098,14445098,0,0,11,4815.033,4,1,AutoResolveIntegrationRuntime (Switzerland North),azure_ir,5,3,0.017667,AzureIR,0.016666666666666666,DIUHours,4 DIU x 0.0167h x $0.25/DIU-h = $0.0167,azure-test-pm
adf-adr,5685e448-8271-4cf2-b2d2-4f030db888b9,Copy ECDC Data,pl_ingest_ecdc_data,f7af842c-7971-4c8c-9cdf-21ec9fa139f6,Succeeded,HttpServer,AzureBlobFS,1058540,1058540,0,0,10,529.27,4,1,AutoResolveIntegrationRuntime (Switzerland North),azure_ir,5,2,0.017667,AzureIR,0.016666666666666666,DIUHours,4 DIU x 0.0167h x $0.25/DIU-h = $0.0167,azure-test-pm
adf-adr,5685e448-8271-4cf2-b2d2-4f030db888b9,Copy ECDC Data,pl_ingest_ecdc_data,f7af842c-7971-4c8c-9cdf-21ec9fa139f6,Succeeded,HttpServer,AzureBlobFS,85887,85887,0,0,10,42.944,4,1,AutoResolveIntegrationRuntime (Switzerland North),azure_ir,6,2,0.017667,AzureIR,0.016666666666666666,DIUHours,4 DIU x 0.0167h x $0.25/DIU-h = $0.0167,azure-test-pm
adf-adr,5685e448-8271-4cf2-b2d2-4f030db888b9,Copy ECDC Data,pl_ingest_ecdc_data,f7af842c-7971-4c8c-9cdf-21ec9fa139f6,Succeeded,HttpServer,AzureBlobFS,47308,47308,0,0,10,23.654,4,1,AutoResolveIntegrationRuntime (Switzerland North),azure_ir,5,2,0.017667,AzureIR,0.016666666666666666,DIUHours,4 DIU x 0.0167h x $0.25/DIU-h = $0.0167,azure-test-pm
adf-adr,5685e448-8271-4cf2-b2d2-4f030db888b9,Copy ECDC Data,pl_ingest_ecdc_data,b684c5fe-fee5-4bf7-9843-007453628304,Succeeded,HttpServer,AzureBlobFS,14445098,14445098,0,0,12,4815.033,4,1,AutoResolveIntegrationRuntime (Switzerland North),azure_ir,6,3,0.017667,AzureIR,0.016666666666666666,DIUHours,4 DIU x 0.0167h x $0.25/DIU-h = $0.0167,azure-test-pm
adf-adr,5685e448-8271-4cf2-b2d2-4f030db888b9,Copy ECDC Data,pl_ingest_ecdc_data,b684c5fe-fee5-4bf7-9843-007453628304,Succeeded,HttpServer,AzureBlobFS,47308,47308,0,0,11,15.769,4,1,AutoResolveIntegrationRuntime (Switzerland North),azure_ir,6,3,0.017667,AzureIR,0.016666666666666666,DIUHours,4 DIU x 0.0167h x $0.25/DIU-h = $0.0167,azure-test-pm
adf-adr,5685e448-8271-4cf2-b2d2-4f030db888b9,Copy ECDC Data,pl_ingest_ecdc_data,b684c5fe-fee5-4bf7-9843-007453628304,Succeeded,HttpServer,AzureBlobFS,1058540,1058540,0,0,12,352.847,4,1,AutoResolveIntegrationRuntime (Switzerland North),azure_ir,7,3,0.017667,AzureIR,0.016666666666666666,DIUHours,4 DIU x 0.0167h x $0.25/DIU-h = $0.0167,azure-test-pm
adf-adr,5685e448-8271-4cf2-b2d2-4f030db888b9,Copy ECDC Data,pl_ingest_ecdc_data,b684c5fe-fee5-4bf7-9843-007453628304,Succeeded,HttpServer,AzureBlobFS,85887,85887,0,0,10,42.944,4,1,AutoResolveIntegrationRuntime (Switzerland North),azure_ir,6,2,0.017667,AzureIR,0.016666666666666666,DIUHours,4 DIU x 0.0167h x $0.25/DIU-h = $0.0167,azure-test-pm
adf-adr,5685e448-8271-4cf2-b2d2-4f030db888b9,Copy ECDC Data,pl_ingest_ecdc_data,6a69f144-fc68-460e-ab64-8f51d43c7e1e,Succeeded,HttpServer,AzureBlobFS,47308,47308,0,0,11,23.654,4,1,AutoResolveIntegrationRuntime (Switzerland North),azure_ir,6,2,0.017667,AzureIR,0.016666666666666666,DIUHours,4 DIU x 0.0167h x $0.25/DIU-h = $0.0167,azure-test-pm
adf-adr,5685e448-8271-4cf2-b2d2-4f030db888b9,Copy ECDC Data,pl_ingest_ecdc_data,6a69f144-fc68-460e-ab64-8f51d43c7e1e,Succeeded,HttpServer,AzureBlobFS,14445098,14445098,0,0,11,4815.033,4,1,AutoResolveIntegrationRuntime (Switzerland North),azure_ir,6,3,0.017667,AzureIR,0.016666666666666666,DIUHours,4 DIU x 0.0167h x $0.25/DIU-h = $0.0167,azure-test-pm
adf-adr,5685e448-8271-4cf2-b2d2-4f030db888b9,Copy ECDC Data,pl_ingest_ecdc_data,6a69f144-fc68-460e-ab64-8f51d43c7e1e,Succeeded,HttpServer,AzureBlobFS,1058540,1058540,0,0,10,529.27,4,1,AutoResolveIntegrationRuntime (Switzerland North),azure_ir,6,2,0.017667,AzureIR,0.016666666666666666,DIUHours,4 DIU x 0.0167h x $0.25/DIU-h = $0.0167,azure-test-pm
adf-adr,5685e448-8271-4cf2-b2d2-4f030db888b9,Copy ECDC Data,pl_ingest_ecdc_data,6a69f144-fc68-460e-ab64-8f51d43c7e1e,Succeeded,HttpServer,AzureBlobFS,85887,85887,0,0,12,28.629,4,1,AutoResolveIntegrationRuntime (Switzerland North),azure_ir,7,3,0.017667,AzureIR,0.016666666666666666,DIUHours,4 DIU x 0.0167h x $0.25/DIU-h = $0.0167,azure-test-pm
adf-adr,5685e448-8271-4cf2-b2d2-4f030db888b9,Copy ECDC Data,pl_ingest_ecdc_data,a2b7132b-33b9-4a4d-bf95-bd2aae21fbed,Succeeded,HttpServer,AzureBlobFS,1058540,1058540,0,0,10,352.847,4,1,AutoResolveIntegrationRuntime (Switzerland North),azure_ir,6,3,0.017667,AzureIR,0.016666666666666666,DIUHours,4 DIU x 0.0167h x $0.25/DIU-h = $0.0167,azure-test-pm
adf-adr,5685e448-8271-4cf2-b2d2-4f030db888b9,Copy ECDC Data,pl_ingest_ecdc_data,a2b7132b-33b9-4a4d-bf95-bd2aae21fbed,Succeeded,HttpServer,AzureBlobFS,85887,85887,0,0,10,42.944,4,1,AutoResolveIntegrationRuntime (Switzerland North),azure_ir,6,2,0.017667,AzureIR,0.016666666666666666,DIUHours,4 DIU x 0.0167h x $0.25/DIU-h = $0.0167,azure-test-pm
adf-adr,5685e448-8271-4cf2-b2d2-4f030db888b9,Copy ECDC Data,pl_ingest_ecdc_data,a2b7132b-33b9-4a4d-bf95-bd2aae21fbed,Succeeded,HttpServer,AzureBlobFS,47308,47308,0,0,12,15.769,4,1,AutoResolveIntegrationRuntime (Switzerland North),azure_ir,7,3,0.017667,AzureIR,0.016666666666666666,DIUHours,4 DIU x 0.0167h x $0.25/DIU-h = $0.0167,azure-test-pm
adf-adr,5685e448-8271-4cf2-b2d2-4f030db888b9,Copy ECDC Data,pl_ingest_ecdc_data,a2b7132b-33b9-4a4d-bf95-bd2aae21fbed,Succeeded,HttpServer,AzureBlobFS,14445098,14445098,0,0,13,3611.274,4,1,AutoResolveIntegrationRuntime (Switzerland North),azure_ir,7,4,0.017667,AzureIR,0.016666666666666666,DIUHours,4 DIU x 0.0167h x $0.25/DIU-h = $0.0167,azure-test-pm
adf-adr,5685e448-8271-4cf2-b2d2-4f030db888b9,Copy ECDC Data,pl_ingest_ecdc_data,0f0f0a1b-758d-4aae-b321-bd90f4a43d09,Succeeded,HttpServer,AzureBlobFS,1058540,1058540,0,0,13,352.847,4,1,AutoResolveIntegrationRuntime (Switzerland North),azure_ir,8,3,0.017667,AzureIR,0.016666666666666666,DIUHours,4 DIU x 0.0167h x $0.25/DIU-h = $0.0167,azure-test-pm
adf-adr,5685e448-8271-4cf2-b2d2-4f030db888b9,Copy ECDC Data,pl_ingest_ecdc_data,0f0f0a1b-758d-4aae-b321-bd90f4a43d09,Succeeded,HttpServer,AzureBlobFS,14445098,14445098,0,0,13,3611.274,4,1,AutoResolveIntegrationRuntime (Switzerland North),azure_ir,7,4,0.017667,AzureIR,0.016666666666666666,DIUHours,4 DIU x 0.0167h x $0.25/DIU-h = $0.0167,azure-test-pm
adf-adr,5685e448-8271-4cf2-b2d2-4f030db888b9,Copy ECDC Data,pl_ingest_ecdc_data,0f0f0a1b-758d-4aae-b321-bd90f4a43d09,Succeeded,HttpServer,AzureBlobFS,85887,85887,0,0,11,42.944,4,1,AutoResolveIntegrationRuntime (Switzerland North),azure_ir,6,2,0.017667,AzureIR,0.016666666666666666,DIUHours,4 DIU x 0.0167h x $0.25/DIU-h = $0.0167,azure-test-pm
adf-adr,5685e448-8271-4cf2-b2d2-4f030db888b9,Copy ECDC Data,pl_ingest_ecdc_data,0f0f0a1b-758d-4aae-b321-bd90f4a43d09,Succeeded,HttpServer,AzureBlobFS,47308,47308,0,0,10,23.654,4,1,AutoResolveIntegrationRuntime (Switzerland North),azure_ir,6,2,0.017667,AzureIR,0.016666666666666666,DIUHours,4 DIU x 0.0167h x $0.25/DIU-h = $0.0167,azure-test-pm
adf-adr,5685e448-8271-4cf2-b2d2-4f030db888b9,Copy ECDC Data,pl_ingest_ecdc_data,2b60671c-1bfc-4ed6-8174-b19486d16580,Succeeded,HttpServer,AzureBlobFS,14445098,14445098,0,0,10,4815.033,4,1,AutoResolveIntegrationRuntime (Switzerland North),azure_ir,5,3,0.017667,AzureIR,0.016666666666666666,DIUHours,4 DIU x 0.0167h x $0.25/DIU-h = $0.0167,azure-test-pm
adf-adr,5685e448-8271-4cf2-b2d2-4f030db888b9,Copy ECDC Data,pl_ingest_ecdc_data,2b60671c-1bfc-4ed6-8174-b19486d16580,Succeeded,HttpServer,AzureBlobFS,1058540,1058540,0,0,10,529.27,4,1,AutoResolveIntegrationRuntime (Switzerland North),azure_ir,5,2,0.017667,AzureIR,0.016666666666666666,DIUHours,4 DIU x 0.0167h x $0.25/DIU-h = $0.0167,azure-test-pm
adf-adr,5685e448-8271-4cf2-b2d2-4f030db888b9,Copy ECDC Data,pl_ingest_ecdc_data,2b60671c-1bfc-4ed6-8174-b19486d16580,Succeeded,HttpServer,AzureBlobFS,85887,85887,0,0,10,42.944,4,1,AutoResolveIntegrationRuntime (Switzerland North),azure_ir,6,2,0.017667,AzureIR,0.016666666666666666,DIUHours,4 DIU x 0.0167h x $0.25/DIU-h = $0.0167,azure-test-pm
adf-adr,5685e448-8271-4cf2-b2d2-4f030db888b9,Copy ECDC Data,pl_ingest_ecdc_data,2b60671c-1bfc-4ed6-8174-b19486d16580,Succeeded,HttpServer,AzureBlobFS,47308,47308,0,0,10,23.654,4,1,AutoResolveIntegrationRuntime (Switzerland North),azure_ir,5,2,0.017667,AzureIR,0.016666666666666666,DIUHours,4 DIU x 0.0167h x $0.25/DIU-h = $0.0167,azure-test-pm
steven-psa-orchestration,3f2e4d32-8e8d-46d6-82bc-5bb8d962328b,Copy data1,pipeline_table_ingestion,af9f39c9-52c2-4fc6-8c39-22290ca092a0,Succeeded,AzureBlobFS,AzureBlobFS,24616,1588,8,8,13,4.923,4,4,AutoResolveIntegrationRuntime (East US),azure_ir,6,5,0.017667,AzureIR,0.06666666666666667,DIUHours,4 DIU x 0.0167h x $0.25/DIU-h = $0.0167,field-eng
adf-adr,5685e448-8271-4cf2-b2d2-4f030db888b9,Copy ECDC Data,pl_ingest_ecdc_data,b98bf050-0be4-4500-bb29-0fac318a49ee,Succeeded,HttpServer,AzureBlobFS,14445098,14445098,0,0,12,4815.033,4,1,AutoResolveIntegrationRuntime (Switzerland North),azure_ir,7,3,0.017667,AzureIR,0.016666666666666666,DIUHours,4 DIU x 0.0167h x $0.25/DIU-h = $0.0167,azure-test-pm
adf-adr,5685e448-8271-4cf2-b2d2-4f030db888b9,Copy ECDC Data,pl_ingest_ecdc_data,b98bf050-0be4-4500-bb29-0fac318a49ee,Succeeded,HttpServer,AzureBlobFS,1058540,1058540,0,0,12,352.847,4,1,AutoResolveIntegrationRuntime (Switzerland North),azure_ir,7,3,0.017667,AzureIR,0.016666666666666666,DIUHours,4 DIU x 0.0167h x $0.25/DIU-h = $0.0167,azure-test-pm
adf-adr,5685e448-8271-4cf2-b2d2-4f030db888b9,Copy ECDC Data,pl_ingest_ecdc_data,b98bf050-0be4-4500-bb29-0fac318a49ee,Succeeded,HttpServer,AzureBlobFS,47308,47308,0,0,11,23.654,4,1,AutoResolveIntegrationRuntime (Switzerland North),azure_ir,7,2,0.017667,AzureIR,0.016666666666666666,DIUHours,4 DIU x 0.0167h x $0.25/DIU-h = $0.0167,azure-test-pm
adf-adr,5685e448-8271-4cf2-b2d2-4f030db888b9,Copy ECDC Data,pl_ingest_ecdc_data,b98bf050-0be4-4500-bb29-0fac318a49ee,Succeeded,HttpServer,AzureBlobFS,85887,85887,0,0,14,28.629,4,1,AutoResolveIntegrationRuntime (Switzerland North),azure_ir,9,3,0.017667,AzureIR,0.016666666666666666,DIUHours,4 DIU x 0.0167h x $0.25/DIU-h = $0.0167,azure-test-pm
adf-adr,5685e448-8271-4cf2-b2d2-4f030db888b9,Copy ECDC Data,pl_ingest_ecdc_data,c732c1fb-9f13-46c3-b6c7-1274f324dab3,Succeeded,HttpServer,AzureBlobFS,85887,85887,0,0,11,42.944,4,1,AutoResolveIntegrationRuntime (Switzerland North),azure_ir,7,2,0.017667,AzureIR,0.016666666666666666,DIUHours,4 DIU x 0.0167h x $0.25/DIU-h = $0.0167,azure-test-pm
adf-adr,5685e448-8271-4cf2-b2d2-4f030db888b9,Copy ECDC Data,pl_ingest_ecdc_data,c732c1fb-9f13-46c3-b6c7-1274f324dab3,Succeeded,HttpServer,AzureBlobFS,47308,47308,0,0,12,15.769,4,1,AutoResolveIntegrationRuntime (Switzerland North),azure_ir,8,3,0.017667,AzureIR,0.016666666666666666,DIUHours,4 DIU x 0.0167h x $0.25/DIU-h = $0.0167,azure-test-pm
adf-adr,5685e448-8271-4cf2-b2d2-4f030db888b9,Copy ECDC Data,pl_ingest_ecdc_data,c732c1fb-9f13-46c3-b6c7-1274f324dab3,Succeeded,HttpServer,AzureBlobFS,14445098,14445098,0,0,13,4815.033,4,1,AutoResolveIntegrationRuntime (Switzerland North),azure_ir,7,3,0.017667,AzureIR,0.016666666666666666,DIUHours,4 DIU x 0.0167h x $0.25/DIU-h = $0.0167,azure-test-pm
adf-adr,5685e448-8271-4cf2-b2d2-4f030db888b9,Copy ECDC Data,pl_ingest_ecdc_data,c732c1fb-9f13-46c3-b6c7-1274f324dab3,Succeeded,HttpServer,AzureBlobFS,1058540,1058540,0,0,10,529.27,4,1,AutoResolveIntegrationRuntime (Switzerland North),azure_ir,6,2,0.017667,AzureIR,0.016666666666666666,DIUHours,4 DIU x 0.0167h x $0.25/DIU-h = $0.0167,azure-test-pm
adf-adr,5685e448-8271-4cf2-b2d2-4f030db888b9,Copy ECDC Data,pl_ingest_ecdc_data,f044089a-d68e-4160-8340-13ce7d0a1c12,Succeeded,HttpServer,AzureBlobFS,85887,85887,0,0,17,42.944,4,1,AutoResolveIntegrationRuntime (Switzerland North),azure_ir,13,2,0.017667,AzureIR,0.016666666666666666,DIUHours,4 DIU x 0.0167h x $0.25/DIU-h = $0.0167,azure-test-pm
adf-adr,5685e448-8271-4cf2-b2d2-4f030db888b9,Copy ECDC Data,pl_ingest_ecdc_data,f044089a-d68e-4160-8340-13ce7d0a1c12,Succeeded,HttpServer,AzureBlobFS,14445098,14445098,0,0,18,4815.033,4,1,AutoResolveIntegrationRuntime (Switzerland North),azure_ir,13,3,0.017667,AzureIR,0.016666666666666666,DIUHours,4 DIU x 0.0167h x $0.25/DIU-h = $0.0167,azure-test-pm
adf-adr,5685e448-8271-4cf2-b2d2-4f030db888b9,Copy ECDC Data,pl_ingest_ecdc_data,f044089a-d68e-4160-8340-13ce7d0a1c12,Succeeded,HttpServer,AzureBlobFS,1058540,1058540,0,0,17,529.27,4,1,AutoResolveIntegrationRuntime (Switzerland North),azure_ir,13,2,0.017667,AzureIR,0.016666666666666666,DIUHours,4 DIU x 0.0167h x $0.25/DIU-h = $0.0167,azure-test-pm
adf-adr,5685e448-8271-4cf2-b2d2-4f030db888b9,Copy ECDC Data,pl_ingest_ecdc_data,f044089a-d68e-4160-8340-13ce7d0a1c12,Succeeded,HttpServer,AzureBlobFS,47308,47308,0,0,17,23.654,4,1,AutoResolveIntegrationRuntime (Switzerland North),azure_ir,13,2,0.017667,AzureIR,0.016666666666666666,DIUHours,4 DIU x 0.0167h x $0.25/DIU-h = $0.0167,azure-test-pm
adf-adr,5685e448-8271-4cf2-b2d2-4f030db888b9,Copy ECDC Data,pl_ingest_ecdc_data,e43eb010-31ed-4f3c-8c8a-3e7c97a72a5b,Succeeded,HttpServer,AzureBlobFS,47308,47308,0,0,12,23.654,4,1,AutoResolveIntegrationRuntime (Switzerland North),azure_ir,8,2,0.017667,AzureIR,0.016666666666666666,DIUHours,4 DIU x 0.0167h x $0.25/DIU-h = $0.0167,azure-test-pm
adf-adr,5685e448-8271-4cf2-b2d2-4f030db888b9,Copy ECDC Data,pl_ingest_ecdc_data,e43eb010-31ed-4f3c-8c8a-3e7c97a72a5b,Succeeded,HttpServer,AzureBlobFS,14445098,14445098,0,0,16,3611.274,4,1,AutoResolveIntegrationRuntime (Switzerland North),azure_ir,10,4,0.017667,AzureIR,0.016666666666666666,DIUHours,4 DIU x 0.0167h x $0.25/DIU-h = $0.0167,azure-test-pm
adf-adr,5685e448-8271-4cf2-b2d2-4f030db888b9,Copy ECDC Data,pl_ingest_ecdc_data,e43eb010-31ed-4f3c-8c8a-3e7c97a72a5b,Succeeded,HttpServer,AzureBlobFS,85887,85887,0,0,15,28.629,4,1,AutoResolveIntegrationRuntime (Switzerland North),azure_ir,10,3,0.017667,AzureIR,0.016666666666666666,DIUHours,4 DIU x 0.0167h x $0.25/DIU-h = $0.0167,azure-test-pm
adf-adr,5685e448-8271-4cf2-b2d2-4f030db888b9,Copy ECDC Data,pl_ingest_ecdc_data,e43eb010-31ed-4f3c-8c8a-3e7c97a72a5b,Succeeded,HttpServer,AzureBlobFS,1058540,1058540,0,0,15,352.847,4,1,AutoResolveIntegrationRuntime (Switzerland North),azure_ir,10,3,0.017667,AzureIR,0.016666666666666666,DIUHours,4 DIU x 0.0167h x $0.25/DIU-h = $0.0167,azure-test-pm
adf-adr,5685e448-8271-4cf2-b2d2-4f030db888b9,Copy ECDC Data,pl_ingest_ecdc_data,ef33d9f7-c9fd-40a8-aed0-18b21ade8168,Succeeded,HttpServer,AzureBlobFS,47308,47308,0,0,10,23.654,4,1,AutoResolveIntegrationRuntime (Switzerland North),azure_ir,6,2,0.017667,AzureIR,0.016666666666666666,DIUHours,4 DIU x 0.0167h x $0.25/DIU-h = $0.0167,azure-test-pm
adf-adr,5685e448-8271-4cf2-b2d2-4f030db888b9,Copy ECDC Data,pl_ingest_ecdc_data,ef33d9f7-c9fd-40a8-aed0-18b21ade8168,Succeeded,HttpServer,AzureBlobFS,85887,85887,0,0,13,28.629,4,1,AutoResolveIntegrationRuntime (Switzerland North),azure_ir,8,3,0.017667,AzureIR,0.016666666666666666,DIUHours,4 DIU x 0.0167h x $0.25/DIU-h = $0.0167,azure-test-pm
adf-adr,5685e448-8271-4cf2-b2d2-4f030db888b9,Copy ECDC Data,pl_ingest_ecdc_data,ef33d9f7-c9fd-40a8-aed0-18b21ade8168,Succeeded,HttpServer,AzureBlobFS,14445098,14445098,0,0,10,4815.033,4,1,AutoResolveIntegrationRuntime (Switzerland North),azure_ir,5,3,0.017667,AzureIR,0.016666666666666666,DIUHours,4 DIU x 0.0167h x $0.25/DIU-h = $0.0167,azure-test-pm
adf-adr,5685e448-8271-4cf2-b2d2-4f030db888b9,Copy ECDC Data,pl_ingest_ecdc_data,ef33d9f7-c9fd-40a8-aed0-18b21ade8168,Succeeded,HttpServer,AzureBlobFS,1058540,1058540,0,0,12,352.847,4,1,AutoResolveIntegrationRuntime (Switzerland North),azure_ir,7,3,0.017667,AzureIR,0.016666666666666666,DIUHours,4 DIU x 0.0167h x $0.25/DIU-h = $0.0167,azure-test-pm
adf-adr,5685e448-8271-4cf2-b2d2-4f030db888b9,Copy ECDC Data,pl_ingest_ecdc_data,5da546f7-aaf3-4d27-ae27-66d20bd82e3e,Succeeded,HttpServer,AzureBlobFS,14445098,14445098,0,0,23,2889.02,4,1,AutoResolveIntegrationRuntime (Switzerland North),azure_ir,16,5,0.017667,AzureIR,0.016666666666666666,DIUHours,4 DIU x 0.0167h x $0.25/DIU-h = $0.0167,azure-test-pm
adf-adr,5685e448-8271-4cf2-b2d2-4f030db888b9,Copy ECDC Data,pl_ingest_ecdc_data,5da546f7-aaf3-4d27-ae27-66d20bd82e3e,Succeeded,HttpServer,AzureBlobFS,1058540,1058540,0,0,11,529.27,4,1,AutoResolveIntegrationRuntime (Switzerland North),azure_ir,6,2,0.017667,AzureIR,0.016666666666666666,DIUHours,4 DIU x 0.0167h x $0.25/DIU-h = $0.0167,azure-test-pm
adf-adr,5685e448-8271-4cf2-b2d2-4f030db888b9,Copy ECDC Data,pl_ingest_ecdc_data,5da546f7-aaf3-4d27-ae27-66d20bd82e3e,Succeeded,HttpServer,AzureBlobFS,47308,47308,0,0,12,15.769,4,1,AutoResolveIntegrationRuntime (Switzerland North),azure_ir,7,3,0.017667,AzureIR,0.016666666666666666,DIUHours,4 DIU x 0.0167h x $0.25/DIU-h = $0.0167,azure-test-pm
adf-adr,5685e448-8271-4cf2-b2d2-4f030db888b9,Copy ECDC Data,pl_ingest_ecdc_data,5da546f7-aaf3-4d27-ae27-66d20bd82e3e,Succeeded,HttpServer,AzureBlobFS,85887,85887,0,0,13,28.629,4,1,AutoResolveIntegrationRuntime (Switzerland North),azure_ir,7,3,0.017667,AzureIR,0.016666666666666666,DIUHours,4 DIU x 0.0167h x $0.25/DIU-h = $0.0167,azure-test-pm
adf-adr,5685e448-8271-4cf2-b2d2-4f030db888b9,Copy ECDC Data,pl_ingest_ecdc_data,3fefa649-b2c4-473b-ae78-21622a2850fb,Succeeded,HttpServer,AzureBlobFS,47308,47308,0,0,11,23.654,4,1,AutoResolveIntegrationRuntime (Switzerland North),azure_ir,7,2,0.017667,AzureIR,0.016666666666666666,DIUHours,4 DIU x 0.0167h x $0.25/DIU-h = $0.0167,azure-test-pm
adf-adr,5685e448-8271-4cf2-b2d2-4f030db888b9,Copy ECDC Data,pl_ingest_ecdc_data,3fefa649-b2c4-473b-ae78-21622a2850fb,Succeeded,HttpServer,AzureBlobFS,14445098,14445098,0,0,12,4815.033,4,1,AutoResolveIntegrationRuntime (Switzerland North),azure_ir,7,3,0.017667,AzureIR,0.016666666666666666,DIUHours,4 DIU x 0.0167h x $0.25/DIU-h = $0.0167,azure-test-pm
adf-adr,5685e448-8271-4cf2-b2d2-4f030db888b9,Copy ECDC Data,pl_ingest_ecdc_data,3fefa649-b2c4-473b-ae78-21622a2850fb,Succeeded,HttpServer,AzureBlobFS,85887,85887,0,0,14,28.629,4,1,AutoResolveIntegrationRuntime (Switzerland North),azure_ir,9,3,0.017667,AzureIR,0.016666666666666666,DIUHours,4 DIU x 0.0167h x $0.25/DIU-h = $0.0167,azure-test-pm
adf-adr,5685e448-8271-4cf2-b2d2-4f030db888b9,Copy ECDC Data,pl_ingest_ecdc_data,3fefa649-b2c4-473b-ae78-21622a2850fb,Succeeded,HttpServer,AzureBlobFS,1058540,1058540,0,0,13,352.847,4,1,AutoResolveIntegrationRuntime (Switzerland North),azure_ir,9,3,0.017667,AzureIR,0.016666666666666666,DIUHours,4 DIU x 0.0167h x $0.25/DIU-h = $0.0167,azure-test-pm
adf-adr,5685e448-8271-4cf2-b2d2-4f030db888b9,Copy ECDC Data,pl_ingest_ecdc_data,98815b24-2e10-4836-802e-68d2db4d53bc,Succeeded,HttpServer,AzureBlobFS,47308,47308,0,0,12,15.769,4,1,AutoResolveIntegrationRuntime (Switzerland North),azure_ir,7,3,0.017667,AzureIR,0.016666666666666666,DIUHours,4 DIU x 0.0167h x $0.25/DIU-h = $0.0167,azure-test-pm
adf-adr,5685e448-8271-4cf2-b2d2-4f030db888b9,Copy ECDC Data,pl_ingest_ecdc_data,98815b24-2e10-4836-802e-68d2db4d53bc,Succeeded,HttpServer,AzureBlobFS,14445098,14445098,0,0,10,4815.033,4,1,AutoResolveIntegrationRuntime (Switzerland North),azure_ir,6,3,0.017667,AzureIR,0.016666666666666666,DIUHours,4 DIU x 0.0167h x $0.25/DIU-h = $0.0167,azure-test-pm
adf-adr,5685e448-8271-4cf2-b2d2-4f030db888b9,Copy ECDC Data,pl_ingest_ecdc_data,98815b24-2e10-4836-802e-68d2db4d53bc,Succeeded,HttpServer,AzureBlobFS,1058540,1058540,0,0,10,529.27,4,1,AutoResolveIntegrationRuntime (Switzerland North),azure_ir,6,2,0.017667,AzureIR,0.016666666666666666,DIUHours,4 DIU x 0.0167h x $0.25/DIU-h = $0.0167,azure-test-pm
adf-adr,5685e448-8271-4cf2-b2d2-4f030db888b9,Copy ECDC Data,pl_ingest_ecdc_data,98815b24-2e10-4836-802e-68d2db4d53bc,Succeeded,HttpServer,AzureBlobFS,85887,85887,0,0,14,28.629,4,1,AutoResolveIntegrationRuntime (Switzerland North),azure_ir,8,3,0.017667,AzureIR,0.016666666666666666,DIUHours,4 DIU x 0.0167h x $0.25/DIU-h = $0.0167,azure-test-pm
adf-adr,5685e448-8271-4cf2-b2d2-4f030db888b9,Copy ECDC Data,pl_ingest_ecdc_data,8701346e-a4aa-40b0-b5be-9a97c090b1b7,Succeeded,HttpServer,AzureBlobFS,1058540,1058540,0,0,11,529.27,4,1,AutoResolveIntegrationRuntime (Switzerland North),azure_ir,7,2,0.017667,AzureIR,0.016666666666666666,DIUHours,4 DIU x 0.0167h x $0.25/DIU-h = $0.0167,azure-test-pm
adf-adr,5685e448-8271-4cf2-b2d2-4f030db888b9,Copy ECDC Data,pl_ingest_ecdc_data,8701346e-a4aa-40b0-b5be-9a97c090b1b7,Succeeded,HttpServer,AzureBlobFS,85887,85887,0,0,11,42.944,4,1,AutoResolveIntegrationRuntime (Switzerland North),azure_ir,7,2,0.017667,AzureIR,0.016666666666666666,DIUHours,4 DIU x 0.0167h x $0.25/DIU-h = $0.0167,azure-test-pm
adf-adr,5685e448-8271-4cf2-b2d2-4f030db888b9,Copy ECDC Data,pl_ingest_ecdc_data,8701346e-a4aa-40b0-b5be-9a97c090b1b7,Succeeded,HttpServer,AzureBlobFS,47308,47308,0,0,11,23.654,4,1,AutoResolveIntegrationRuntime (Switzerland North),azure_ir,6,2,0.017667,AzureIR,0.016666666666666666,DIUHours,4 DIU x 0.0167h x $0.25/DIU-h = $0.0167,azure-test-pm
adf-adr,5685e448-8271-4cf2-b2d2-4f030db888b9,Copy ECDC Data,pl_ingest_ecdc_data,8701346e-a4aa-40b0-b5be-9a97c090b1b7,Succeeded,HttpServer,AzureBlobFS,14445098,14445098,0,0,12,4815.033,4,1,AutoResolveIntegrationRuntime (Switzerland North),azure_ir,6,3,0.017667,AzureIR,0.016666666666666666,DIUHours,4 DIU x 0.0167h x $0.25/DIU-h = $0.0167,azure-test-pm
adf-adr,5685e448-8271-4cf2-b2d2-4f030db888b9,Copy ECDC Data,pl_ingest_ecdc_data,937308f8-fff4-4ae5-9e74-c7b575755d8c,Succeeded,HttpServer,AzureBlobFS,1058540,1058540,0,0,11,352.847,4,1,AutoResolveIntegrationRuntime (Switzerland North),azure_ir,7,3,0.017667,AzureIR,0.016666666666666666,DIUHours,4 DIU x 0.0167h x $0.25/DIU-h = $0.0167,azure-test-pm
adf-adr,5685e448-8271-4cf2-b2d2-4f030db888b9,Copy ECDC Data,pl_ingest_ecdc_data,937308f8-fff4-4ae5-9e74-c7b575755d8c,Succeeded,HttpServer,AzureBlobFS,47308,47308,0,0,10,23.654,4,1,AutoResolveIntegrationRuntime (Switzerland North),azure_ir,6,2,0.017667,AzureIR,0.016666666666666666,DIUHours,4 DIU x 0.0167h x $0.25/DIU-h = $0.0167,azure-test-pm
adf-adr,5685e448-8271-4cf2-b2d2-4f030db888b9,Copy ECDC Data,pl_ingest_ecdc_data,937308f8-fff4-4ae5-9e74-c7b575755d8c,Succeeded,HttpServer,AzureBlobFS,14445098,14445098,0,0,14,3611.274,4,1,AutoResolveIntegrationRuntime (Switzerland North),azure_ir,8,4,0.017667,AzureIR,0.016666666666666666,DIUHours,4 DIU x 0.0167h x $0.25/DIU-h = $0.0167,azure-test-pm
adf-adr,5685e448-8271-4cf2-b2d2-4f030db888b9,Copy ECDC Data,pl_ingest_ecdc_data,937308f8-fff4-4ae5-9e74-c7b575755d8c,Succeeded,HttpServer,AzureBlobFS,85887,85887,0,0,10,42.944,4,1,AutoResolveIntegrationRuntime (Switzerland North),azure_ir,6,2,0.017667,AzureIR,0.016666666666666666,DIUHours,4 DIU x 0.0167h x $0.25/DIU-h = $0.0167,azure-test-pm
adf-adr,5685e448-8271-4cf2-b2d2-4f030db888b9,Copy ECDC Data,pl_ingest_ecdc_data,0f32efc7-b094-4906-bed6-02c1d8a35663,Succeeded,HttpServer,AzureBlobFS,47308,47308,0,0,10,23.654,4,1,AutoResolveIntegrationRuntime (Switzerland North),azure_ir,6,2,0.017667,AzureIR,0.016666666666666666,DIUHours,4 DIU x 0.0167h x $0.25/DIU-h = $0.0167,azure-test-pm
adf-adr,5685e448-8271-4cf2-b2d2-4f030db888b9,Copy ECDC Data,pl_ingest_ecdc_data,0f32efc7-b094-4906-bed6-02c1d8a35663,Succeeded,HttpServer,AzureBlobFS,85887,85887,0,0,11,42.944,4,1,AutoResolveIntegrationRuntime (Switzerland North),azure_ir,6,2,0.017667,AzureIR,0.016666666666666666,DIUHours,4 DIU x 0.0167h x $0.25/DIU-h = $0.0167,azure-test-pm
adf-adr,5685e448-8271-4cf2-b2d2-4f030db888b9,Copy ECDC Data,pl_ingest_ecdc_data,0f32efc7-b094-4906-bed6-02c1d8a35663,Succeeded,HttpServer,AzureBlobFS,14445098,14445098,0,0,11,4815.033,4,1,AutoResolveIntegrationRuntime (Switzerland North),azure_ir,6,3,0.017667,AzureIR,0.016666666666666666,DIUHours,4 DIU x 0.0167h x $0.25/DIU-h = $0.0167,azure-test-pm
adf-adr,5685e448-8271-4cf2-b2d2-4f030db888b9,Copy ECDC Data,pl_ingest_ecdc_data,0f32efc7-b094-4906-bed6-02c1d8a35663,Succeeded,HttpServer,AzureBlobFS,1058540,1058540,0,0,10,529.27,4,1,AutoResolveIntegrationRuntime (Switzerland North),azure_ir,6,2,0.017667,AzureIR,0.016666666666666666,DIUHours,4 DIU x 0.0167h x $0.25/DIU-h = $0.0167,azure-test-pm
adf-adr,5685e448-8271-4cf2-b2d2-4f030db888b9,Copy ECDC Data,pl_ingest_ecdc_data,697a6348-05e8-47df-8699-82b39fe9bc04,Succeeded,HttpServer,AzureBlobFS,85887,85887,0,0,10,42.944,4,1,AutoResolveIntegrationRuntime (Switzerland North),azure_ir,6,2,0.017667,AzureIR,0.016666666666666666,DIUHours,4 DIU x 0.0167h x $0.25/DIU-h = $0.0167,azure-test-pm
adf-adr,5685e448-8271-4cf2-b2d2-4f030db888b9,Copy ECDC Data,pl_ingest_ecdc_data,697a6348-05e8-47df-8699-82b39fe9bc04,Succeeded,HttpServer,AzureBlobFS,1058540,1058540,0,0,10,529.27,4,1,AutoResolveIntegrationRuntime (Switzerland North),azure_ir,6,2,0.017667,AzureIR,0.016666666666666666,DIUHours,4 DIU x 0.0167h x $0.25/DIU-h = $0.0167,azure-test-pm
adf-adr,5685e448-8271-4cf2-b2d2-4f030db888b9,Copy ECDC Data,pl_ingest_ecdc_data,697a6348-05e8-47df-8699-82b39fe9bc04,Succeeded,HttpServer,AzureBlobFS,47308,47308,0,0,10,23.654,4,1,AutoResolveIntegrationRuntime (Switzerland North),azure_ir,6,2,0.017667,AzureIR,0.016666666666666666,DIUHours,4 DIU x 0.0167h x $0.25/DIU-h = $0.0167,azure-test-pm
adf-adr,5685e448-8271-4cf2-b2d2-4f030db888b9,Copy ECDC Data,pl_ingest_ecdc_data,697a6348-05e8-47df-8699-82b39fe9bc04,Succeeded,HttpServer,AzureBlobFS,14445098,14445098,0,0,11,4815.033,4,1,AutoResolveIntegrationRuntime (Switzerland North),azure_ir,6,3,0.017667,AzureIR,0.016666666666666666,DIUHours,4 DIU x 0.0167h x $0.25/DIU-h = $0.0167,azure-test-pm
adf-adr,5685e448-8271-4cf2-b2d2-4f030db888b9,Copy ECDC Data,pl_ingest_ecdc_data,6d78cf30-c7e9-4618-9e27-e613a482b50c,Succeeded,HttpServer,AzureBlobFS,14445098,14445098,0,0,13,4815.033,4,1,AutoResolveIntegrationRuntime (Switzerland North),azure_ir,7,3,0.017667,AzureIR,0.016666666666666666,DIUHours,4 DIU x 0.0167h x $0.25/DIU-h = $0.0167,azure-test-pm
adf-adr,5685e448-8271-4cf2-b2d2-4f030db888b9,Copy ECDC Data,pl_ingest_ecdc_data,6d78cf30-c7e9-4618-9e27-e613a482b50c,Succeeded,HttpServer,AzureBlobFS,47308,47308,0,0,11,23.654,4,1,AutoResolveIntegrationRuntime (Switzerland North),azure_ir,6,2,0.017667,AzureIR,0.016666666666666666,DIUHours,4 DIU x 0.0167h x $0.25/DIU-h = $0.0167,azure-test-pm
adf-adr,5685e448-8271-4cf2-b2d2-4f030db888b9,Copy ECDC Data,pl_ingest_ecdc_data,6d78cf30-c7e9-4618-9e27-e613a482b50c,Succeeded,HttpServer,AzureBlobFS,85887,85887,0,0,11,42.944,4,1,AutoResolveIntegrationRuntime (Switzerland North),azure_ir,6,2,0.017667,AzureIR,0.016666666666666666,DIUHours,4 DIU x 0.0167h x $0.25/DIU-h = $0.0167,azure-test-pm
adf-adr,5685e448-8271-4cf2-b2d2-4f030db888b9,Copy ECDC Data,pl_ingest_ecdc_data,6d78cf30-c7e9-4618-9e27-e613a482b50c,Succeeded,HttpServer,AzureBlobFS,1058540,1058540,0,0,11,529.27,4,1,AutoResolveIntegrationRuntime (Switzerland North),azure_ir,6,2,0.017667,AzureIR,0.016666666666666666,DIUHours,4 DIU x 0.0167h x $0.25/DIU-h = $0.0167,azure-test-pm
adf-adr,5685e448-8271-4cf2-b2d2-4f030db888b9,Copy ECDC Data,pl_ingest_ecdc_data,48c1719a-3ea0-4161-b91f-bd598da08a70,Succeeded,HttpServer,AzureBlobFS,47308,47308,0,0,12,23.654,4,1,AutoResolveIntegrationRuntime (Switzerland North),azure_ir,8,2,0.017667,AzureIR,0.016666666666666666,DIUHours,4 DIU x 0.0167h x $0.25/DIU-h = $0.0167,azure-test-pm
adf-adr,5685e448-8271-4cf2-b2d2-4f030db888b9,Copy ECDC Data,pl_ingest_ecdc_data,48c1719a-3ea0-4161-b91f-bd598da08a70,Succeeded,HttpServer,AzureBlobFS,1058540,1058540,0,0,13,352.847,4,1,AutoResolveIntegrationRuntime (Switzerland North),azure_ir,8,3,0.017667,AzureIR,0.016666666666666666,DIUHours,4 DIU x 0.0167h x $0.25/DIU-h = $0.0167,azure-test-pm
adf-adr,5685e448-8271-4cf2-b2d2-4f030db888b9,Copy ECDC Data,pl_ingest_ecdc_data,48c1719a-3ea0-4161-b91f-bd598da08a70,Succeeded,HttpServer,AzureBlobFS,85887,85887,0,0,15,28.629,4,1,AutoResolveIntegrationRuntime (Switzerland North),azure_ir,9,3,0.017667,AzureIR,0.016666666666666666,DIUHours,4 DIU x 0.0167h x $0.25/DIU-h = $0.0167,azure-test-pm
adf-adr,5685e448-8271-4cf2-b2d2-4f030db888b9,Copy ECDC Data,pl_ingest_ecdc_data,48c1719a-3ea0-4161-b91f-bd598da08a70,Succeeded,HttpServer,AzureBlobFS,14445098,14445098,0,0,13,4815.033,4,1,AutoResolveIntegrationRuntime (Switzerland North),azure_ir,8,3,0.017667,AzureIR,0.016666666666666666,DIUHours,4 DIU x 0.0167h x $0.25/DIU-h = $0.0167,azure-test-pm
adf-adr,5685e448-8271-4cf2-b2d2-4f030db888b9,Copy ECDC Data,pl_ingest_ecdc_data,3288a12c-313d-4cc8-8103-85e1f242f8c2,Succeeded,HttpServer,AzureBlobFS,14445098,14445098,0,0,14,4815.033,4,1,AutoResolveIntegrationRuntime (Switzerland North),azure_ir,9,3,0.017667,AzureIR,0.016666666666666666,DIUHours,4 DIU x 0.0167h x $0.25/DIU-h = $0.0167,azure-test-pm
adf-adr,5685e448-8271-4cf2-b2d2-4f030db888b9,Copy ECDC Data,pl_ingest_ecdc_data,3288a12c-313d-4cc8-8103-85e1f242f8c2,Succeeded,HttpServer,AzureBlobFS,85887,85887,0,0,14,28.629,4,1,AutoResolveIntegrationRuntime (Switzerland North),azure_ir,9,3,0.017667,AzureIR,0.016666666666666666,DIUHours,4 DIU x 0.0167h x $0.25/DIU-h = $0.0167,azure-test-pm
adf-adr,5685e448-8271-4cf2-b2d2-4f030db888b9,Copy ECDC Data,pl_ingest_ecdc_data,3288a12c-313d-4cc8-8103-85e1f242f8c2,Succeeded,HttpServer,AzureBlobFS,1058540,1058540,0,0,17,352.847,4,1,AutoResolveIntegrationRuntime (Switzerland North),azure_ir,12,3,0.017667,AzureIR,0.016666666666666666,DIUHours,4 DIU x 0.0167h x $0.25/DIU-h = $0.0167,azure-test-pm
adf-adr,5685e448-8271-4cf2-b2d2-4f030db888b9,Copy ECDC Data,pl_ingest_ecdc_data,3288a12c-313d-4cc8-8103-85e1f242f8c2,Succeeded,HttpServer,AzureBlobFS,47308,47308,0,0,12,23.654,4,1,AutoResolveIntegrationRuntime (Switzerland North),azure_ir,7,2,0.017667,AzureIR,0.016666666666666666,DIUHours,4 DIU x 0.0167h x $0.25/DIU-h = $0.0167,azure-test-pm
adf-adr,5685e448-8271-4cf2-b2d2-4f030db888b9,Copy ECDC Data,pl_ingest_ecdc_data,507588f5-8f2e-4152-adf5-13c39a051bab,Succeeded,HttpServer,AzureBlobFS,14445098,14445098,0,0,13,4815.033,4,1,AutoResolveIntegrationRuntime (Switzerland North),azure_ir,8,3,0.017667,AzureIR,0.016666666666666666,DIUHours,4 DIU x 0.0167h x $0.25/DIU-h = $0.0167,azure-test-pm
adf-adr,5685e448-8271-4cf2-b2d2-4f030db888b9,Copy ECDC Data,pl_ingest_ecdc_data,507588f5-8f2e-4152-adf5-13c39a051bab,Succeeded,HttpServer,AzureBlobFS,47308,47308,0,0,18,11.827,4,1,AutoResolveIntegrationRuntime (Switzerland North),azure_ir,11,4,0.017667,AzureIR,0.016666666666666666,DIUHours,4 DIU x 0.0167h x $0.25/DIU-h = $0.0167,azure-test-pm
adf-adr,5685e448-8271-4cf2-b2d2-4f030db888b9,Copy ECDC Data,pl_ingest_ecdc_data,507588f5-8f2e-4152-adf5-13c39a051bab,Succeeded,HttpServer,AzureBlobFS,85887,85887,0,0,13,42.944,4,1,AutoResolveIntegrationRuntime (Switzerland North),azure_ir,9,2,0.017667,AzureIR,0.016666666666666666,DIUHours,4 DIU x 0.0167h x $0.25/DIU-h = $0.0167,azure-test-pm
adf-adr,5685e448-8271-4cf2-b2d2-4f030db888b9,Copy ECDC Data,pl_ingest_ecdc_data,507588f5-8f2e-4152-adf5-13c39a051bab,Succeeded,HttpServer,AzureBlobFS,1058540,1058540,0,0,13,529.27,4,1,AutoResolveIntegrationRuntime (Switzerland North),azure_ir,8,2,0.017667,AzureIR,0.016666666666666666,DIUHours,4 DIU x 0.0167h x $0.25/DIU-h = $0.0167,azure-test-pm
adf-adr,5685e448-8271-4cf2-b2d2-4f030db888b9,Copy ECDC Data,pl_ingest_ecdc_data,486c5f00-c0e5-4a63-a36e-ec14c4038b33,Succeeded,HttpServer,AzureBlobFS,1058540,1058540,0,0,11,529.27,4,1,AutoResolveIntegrationRuntime (Switzerland North),azure_ir,6,2,0.017667,AzureIR,0.016666666666666666,DIUHours,4 DIU x 0.0167h x $0.25/DIU-h = $0.0167,azure-test-pm
adf-adr,5685e448-8271-4cf2-b2d2-4f030db888b9,Copy ECDC Data,pl_ingest_ecdc_data,486c5f00-c0e5-4a63-a36e-ec14c4038b33,Succeeded,HttpServer,AzureBlobFS,85887,85887,0,0,12,28.629,4,1,AutoResolveIntegrationRuntime (Switzerland North),azure_ir,7,3,0.017667,AzureIR,0.016666666666666666,DIUHours,4 DIU x 0.0167h x $0.25/DIU-h = $0.0167,azure-test-pm
adf-adr,5685e448-8271-4cf2-b2d2-4f030db888b9,Copy ECDC Data,pl_ingest_ecdc_data,486c5f00-c0e5-4a63-a36e-ec14c4038b33,Succeeded,HttpServer,AzureBlobFS,14445098,14445098,0,0,12,4815.033,4,1,AutoResolveIntegrationRuntime (Switzerland North),azure_ir,7,3,0.017667,AzureIR,0.016666666666666666,DIUHours,4 DIU x 0.0167h x $0.25/DIU-h = $0.0167,azure-test-pm
adf-adr,5685e448-8271-4cf2-b2d2-4f030db888b9,Copy ECDC Data,pl_ingest_ecdc_data,486c5f00-c0e5-4a63-a36e-ec14c4038b33,Succeeded,HttpServer,AzureBlobFS,47308,47308,0,0,10,23.654,4,1,AutoResolveIntegrationRuntime (Switzerland North),azure_ir,6,2,0.017667,AzureIR,0.016666666666666666,DIUHours,4 DIU x 0.0167h x $0.25/DIU-h = $0.0167,azure-test-pm
adf-adr,5685e448-8271-4cf2-b2d2-4f030db888b9,Copy ECDC Data,pl_ingest_ecdc_data,2bf4b3c2-5053-45f8-99ba-405f3a72fdb0,Succeeded,HttpServer,AzureBlobFS,47308,47308,0,0,11,23.654,4,1,AutoResolveIntegrationRuntime (Switzerland North),azure_ir,6,2,0.017667,AzureIR,0.016666666666666666,DIUHours,4 DIU x 0.0167h x $0.25/DIU-h = $0.0167,azure-test-pm
adf-adr,5685e448-8271-4cf2-b2d2-4f030db888b9,Copy ECDC Data,pl_ingest_ecdc_data,2bf4b3c2-5053-45f8-99ba-405f3a72fdb0,Succeeded,HttpServer,AzureBlobFS,1058540,1058540,0,0,11,529.27,4,1,AutoResolveIntegrationRuntime (Switzerland North),azure_ir,7,2,0.017667,AzureIR,0.016666666666666666,DIUHours,4 DIU x 0.0167h x $0.25/DIU-h = $0.0167,azure-test-pm
adf-adr,5685e448-8271-4cf2-b2d2-4f030db888b9,Copy ECDC Data,pl_ingest_ecdc_data,2bf4b3c2-5053-45f8-99ba-405f3a72fdb0,Succeeded,HttpServer,AzureBlobFS,85887,85887,0,0,11,42.944,4,1,AutoResolveIntegrationRuntime (Switzerland North),azure_ir,6,2,0.017667,AzureIR,0.016666666666666666,DIUHours,4 DIU x 0.0167h x $0.25/DIU-h = $0.0167,azure-test-pm
adf-adr,5685e448-8271-4cf2-b2d2-4f030db888b9,Copy ECDC Data,pl_ingest_ecdc_data,2bf4b3c2-5053-45f8-99ba-405f3a72fdb0,Succeeded,HttpServer,AzureBlobFS,14445098,14445098,0,0,12,4815.033,4,1,AutoResolveIntegrationRuntime (Switzerland North),azure_ir,7,3,0.017667,AzureIR,0.016666666666666666,DIUHours,4 DIU x 0.0167h x $0.25/DIU-h = $0.0167,azure-test-pm
