pipeline_name,factory_name,factory_type,subscription_id,activity_name,activity_type,detected_technique,confidence,evidence,source_connector,sink_connector,has_watermark_lookup,has_downstream_sproc,has_downstream_spark,copy_upsert_enabled,cdc_references_found,watermark_references_found,subscription_name
pipeline2,peteh-adf,ADF,3f2e4d32-8e8d-46d6-82bc-5bb8d962328b,Copy data1,Copy,Full Load,High,default,AzureSqlDatabase,AzureDatabricksDeltaLakeDataset,False,False,False,False,False,False,field-eng
CopyPipeline_jnq,rkh-adf,ADF,3f2e4d32-8e8d-46d6-82bc-5bb8d962328b,Copy_jnq,Copy,Full Load,High,default,AzureBlobFS (Binary),AzureBlobFS (Binary),False,False,False,False,False,False,field-eng
pipeline1,Jyo-1204-ADF-snowflake,ADF,3f2e4d32-8e8d-46d6-82bc-5bb8d962328b,snowflaketoblob,Copy,Full Load,High,default,Snowflake,AzureBlobStorage (Parquet),False,False,False,False,False,False,field-eng
sureshm_test1,fieldeng-migrations,ADF,3f2e4d32-8e8d-46d6-82bc-5bb8d962328b,Copy data1,Copy,Full Load,High,default,AzureBlobStorage (Parquet),AzureBlobStorage (Avro),False,False,False,False,False,False,field-eng
pipeline1,weather-pipeline-mglbe,ADF,3f2e4d32-8e8d-46d6-82bc-5bb8d962328b,Copy data1,Copy,Full Load,High,default,AzureBlobStorage (Parquet),AzureBlobFS (Parquet),False,False,False,False,False,False,field-eng
sftp-to-adls-pipeline,jl-adf-test,ADF,3f2e4d32-8e8d-46d6-82bc-5bb8d962328b,Copy from SFTP to ADLS,Copy,Full Load,High,default,AzureBlobStorage (DelimitedText),AzureBlobFS (DelimitedText),False,False,False,False,False,False,field-eng
pipe_zipper,cdg-rsm-tester,ADF,3f2e4d32-8e8d-46d6-82bc-5bb8d962328b,wtf,Copy,Full Load,High,default,AzureBlobFS (Binary),AzureBlobFS (Binary),False,False,False,False,False,False,field-eng
IncrementalCopyPipeline,stuart-adf,ADF,3f2e4d32-8e8d-46d6-82bc-5bb8d962328b,IncrementalCopyActivity,Copy,Full Load,High,default,SqlServer,AzureBlobFS (DelimitedText),False,False,False,False,False,False,field-eng
FullCopyPipeline,stuart-adf,ADF,3f2e4d32-8e8d-46d6-82bc-5bb8d962328b,FullCopyActivity,Copy,Full Load,High,default,SqlServer,AzureBlobFS (DelimitedText),False,False,False,False,False,False,field-eng
pipeline2,ghanse-adf,ADF,3f2e4d32-8e8d-46d6-82bc-5bb8d962328b,copy-facts,Copy,Full Load,High,default,AzureBlobFS (Json),AzureBlobFS (Json),False,False,False,False,False,False,field-eng
pipeline2,ghanse-adf,ADF,3f2e4d32-8e8d-46d6-82bc-5bb8d962328b,copy-divisions,Copy,Full Load,High,default,AzureBlobFS (DelimitedText),AzureBlobFS (DelimitedText),False,False,False,False,False,False,field-eng
pipeline2,ghanse-adf,ADF,3f2e4d32-8e8d-46d6-82bc-5bb8d962328b,copy-inspections,Copy,Full Load,High,default,AzureBlobFS (DelimitedText),AzureBlobFS (DelimitedText),False,False,False,False,False,False,field-eng
pipeline2,ghanse-adf,ADF,3f2e4d32-8e8d-46d6-82bc-5bb8d962328b,copy-pipelines,Copy,Full Load,High,default,AzureBlobFS (DelimitedText),AzureBlobFS (DelimitedText),False,False,False,False,False,False,field-eng
pipeline2,ghanse-adf,ADF,3f2e4d32-8e8d-46d6-82bc-5bb8d962328b,copy-segments,Copy,Full Load,High,default,AzureBlobFS (DelimitedText),AzureBlobFS (DelimitedText),False,False,False,False,False,False,field-eng
pipeline2,ghanse-adf,ADF,3f2e4d32-8e8d-46d6-82bc-5bb8d962328b,copy-sensors,Copy,Full Load,High,default,AzureBlobFS (DelimitedText),AzureBlobFS (DelimitedText),False,False,False,False,False,False,field-eng
csvToSql,ADF-kmati,ADF,3f2e4d32-8e8d-46d6-82bc-5bb8d962328b,blob to sql,Copy,Full Load,High,default,AzureBlobStorage (DelimitedText),AzureSqlDatabase,False,False,False,False,False,False,field-eng
CopyPipeline_x9k,mm-test-df,ADF,3f2e4d32-8e8d-46d6-82bc-5bb8d962328b,Copy_x9k,Copy,Full Load,High,default,AzureDatabricksDeltaLakeDataset,AzureBlobFS (DelimitedText),False,False,False,False,False,False,field-eng
pipeline1,ADF-kmati,ADF,3f2e4d32-8e8d-46d6-82bc-5bb8d962328b,Copy blob to blob,Copy,Full Load,High,default,AzureBlobStorage (DelimitedText),AzureBlobStorage (DelimitedText),False,False,False,False,False,False,field-eng
Copy Test,DemoTelevisa,ADF,3f2e4d32-8e8d-46d6-82bc-5bb8d962328b,Copy_5ze,Copy,Full Load,High,default,AzureBlobStorage (Json),AzureBlobFS (DelimitedText),False,False,False,False,False,False,field-eng
pipeline1,scott-black-data-factory,ADF,3f2e4d32-8e8d-46d6-82bc-5bb8d962328b,Copy Data1,Copy,Full Load,High,default,SqlServer,AzureBlobFS,False,False,False,False,False,False,field-eng
pipeline1,scott-black-data-factory,ADF,3f2e4d32-8e8d-46d6-82bc-5bb8d962328b,Copy Data2,Copy,Full Load,High,default,SqlServer,AzureBlobFS,False,False,False,False,False,False,field-eng
Ingest AdventureWorksOLTP to Landing,laf-adf,ADF,3f2e4d32-8e8d-46d6-82bc-5bb8d962328b,Ingest Customer,Copy,Full Load,High,default,AzureSqlDatabase,AzureBlobFS (Parquet),False,False,False,False,False,False,field-eng
Ingest AdventureWorksOLTP to Landing,laf-adf,ADF,3f2e4d32-8e8d-46d6-82bc-5bb8d962328b,Ingest ProductModel,Copy,Full Load,High,default,AzureSqlDatabase,AzureBlobFS (Parquet),False,False,False,False,False,False,field-eng
Ingest AdventureWorksOLTP to Landing,laf-adf,ADF,3f2e4d32-8e8d-46d6-82bc-5bb8d962328b,Ingest ProductDescription,Copy,Full Load,High,default,AzureSqlDatabase,AzureBlobFS (Parquet),False,False,False,False,False,False,field-eng
Ingest AdventureWorksOLTP to Landing,laf-adf,ADF,3f2e4d32-8e8d-46d6-82bc-5bb8d962328b,Ingest Product,Copy,Full Load,High,default,AzureSqlDatabase,AzureBlobFS (Parquet),False,False,False,False,False,False,field-eng
Ingest AdventureWorksOLTP to Landing,laf-adf,ADF,3f2e4d32-8e8d-46d6-82bc-5bb8d962328b,Ingest ProductModelProductDescription,Copy,Full Load,High,default,AzureSqlDatabase,AzureBlobFS (Parquet),False,False,False,False,False,False,field-eng
Ingest AdventureWorksOLTP to Landing,laf-adf,ADF,3f2e4d32-8e8d-46d6-82bc-5bb8d962328b,Ingest ProductCategory,Copy,Full Load,High,default,AzureSqlDatabase,AzureBlobFS (Parquet),False,False,False,False,False,False,field-eng
Ingest AdventureWorksOLTP to Landing,laf-adf,ADF,3f2e4d32-8e8d-46d6-82bc-5bb8d962328b,Ingest Address,Copy,Full Load,High,default,AzureSqlDatabase,AzureBlobFS (Parquet),False,False,False,False,False,False,field-eng
Ingest AdventureWorksOLTP to Landing,laf-adf,ADF,3f2e4d32-8e8d-46d6-82bc-5bb8d962328b,Ingest CustomerAddress,Copy,Full Load,High,default,AzureSqlDatabase,AzureBlobFS (Parquet),False,False,False,False,False,False,field-eng
Ingest AdventureWorksOLTP to Landing,laf-adf,ADF,3f2e4d32-8e8d-46d6-82bc-5bb8d962328b,Ingest SalesOrderDetail,Copy,Full Load,High,default,AzureSqlDatabase,AzureBlobFS (Parquet),False,False,False,False,False,False,field-eng
Ingest AdventureWorksOLTP to Landing,laf-adf,ADF,3f2e4d32-8e8d-46d6-82bc-5bb8d962328b,Ingest SalesOrderHeader,Copy,Full Load,High,default,AzureSqlDatabase,AzureBlobFS (Parquet),False,False,False,False,False,False,field-eng
Ingest AdventureWorksOLTP to Landing_JSON,laf-adf,ADF,3f2e4d32-8e8d-46d6-82bc-5bb8d962328b,Ingest Customer,Copy,Full Load,High,default,AzureSqlDatabase,AzureBlobFS (Json),False,False,False,False,False,False,field-eng
Ingest AdventureWorksOLTP to Landing_JSON,laf-adf,ADF,3f2e4d32-8e8d-46d6-82bc-5bb8d962328b,Ingest ProductModel,Copy,Full Load,High,default,AzureSqlDatabase,AzureBlobFS (Json),False,False,False,False,False,False,field-eng
Ingest AdventureWorksOLTP to Landing_JSON,laf-adf,ADF,3f2e4d32-8e8d-46d6-82bc-5bb8d962328b,Ingest ProductDescription,Copy,Full Load,High,default,AzureSqlDatabase,AzureBlobFS (Json),False,False,False,False,False,False,field-eng
Ingest AdventureWorksOLTP to Landing_JSON,laf-adf,ADF,3f2e4d32-8e8d-46d6-82bc-5bb8d962328b,Ingest Product,Copy,Full Load,High,default,AzureSqlDatabase,AzureBlobFS (Json),False,False,False,False,False,False,field-eng
Ingest AdventureWorksOLTP to Landing_JSON,laf-adf,ADF,3f2e4d32-8e8d-46d6-82bc-5bb8d962328b,Ingest ProductModelProductDescription,Copy,Full Load,High,default,AzureSqlDatabase,AzureBlobFS (Json),False,False,False,False,False,False,field-eng
Ingest AdventureWorksOLTP to Landing_JSON,laf-adf,ADF,3f2e4d32-8e8d-46d6-82bc-5bb8d962328b,Ingest ProductCategory,Copy,Full Load,High,default,AzureSqlDatabase,AzureBlobFS (Json),False,False,False,False,False,False,field-eng
Ingest AdventureWorksOLTP to Landing_JSON,laf-adf,ADF,3f2e4d32-8e8d-46d6-82bc-5bb8d962328b,Ingest Address,Copy,Full Load,High,default,AzureSqlDatabase,AzureBlobFS (Json),False,False,False,False,False,False,field-eng
Ingest AdventureWorksOLTP to Landing_JSON,laf-adf,ADF,3f2e4d32-8e8d-46d6-82bc-5bb8d962328b,Ingest CustomerAddress,Copy,Full Load,High,default,AzureSqlDatabase,AzureBlobFS (Json),False,False,False,False,False,False,field-eng
Ingest AdventureWorksOLTP to Landing_JSON,laf-adf,ADF,3f2e4d32-8e8d-46d6-82bc-5bb8d962328b,Ingest SalesOrderDetail,Copy,Full Load,High,default,AzureSqlDatabase,AzureBlobFS (Json),False,False,False,False,False,False,field-eng
Ingest AdventureWorksOLTP to Landing_JSON,laf-adf,ADF,3f2e4d32-8e8d-46d6-82bc-5bb8d962328b,Ingest SalesOrderHeader,Copy,Full Load,High,default,AzureSqlDatabase,AzureBlobFS (Json),False,False,False,False,False,False,field-eng
fleetmaintenance-copy_toDelta_copy1,laf-adf,ADF,3f2e4d32-8e8d-46d6-82bc-5bb8d962328b,copy_maintenance_header to delta,Copy,Full Load,High,default,AzureBlobFS (Parquet),AzureDatabricksDeltaLakeDataset,False,False,False,False,False,False,field-eng
fleetmaintenance-copy_toDelta,laf-adf,ADF,3f2e4d32-8e8d-46d6-82bc-5bb8d962328b,copy_maintenance_header to delta,Copy,Full Load,High,default,AzureSqlDatabase,AzureDatabricksDeltaLakeDataset,False,False,False,False,False,False,field-eng
Delta-copyTo-fleetmaintenance2,laf-adf,ADF,3f2e4d32-8e8d-46d6-82bc-5bb8d962328b,copy_maintenance_header to delta,Copy,Full Load,High,default,AzureDatabricksDeltaLake,AzureSqlDatabase,False,False,False,False,False,False,field-eng
fleetmaintenance-copy,laf-adf,ADF,3f2e4d32-8e8d-46d6-82bc-5bb8d962328b,copy_maintenance_header to landing,Copy,Full Load,High,default,AzureSqlDatabase,AzureBlobFS (Parquet),False,False,False,False,False,False,field-eng
fleetmaintenance-copy,laf-adf,ADF,3f2e4d32-8e8d-46d6-82bc-5bb8d962328b,copy_power_output to landing,Copy,Full Load,High,default,AzureSqlDatabase,AzureBlobFS (Parquet),False,False,False,False,False,False,field-eng
DBSQL_ODBC,laf-adf,ADF,3f2e4d32-8e8d-46d6-82bc-5bb8d962328b,Copy data1,Copy,Full Load,High,default,Odbc,Odbc,False,False,False,False,False,False,field-eng
fleetmaintenance-copy_detailed,laf-adf,ADF,3f2e4d32-8e8d-46d6-82bc-5bb8d962328b,copy_maintenance_header,Copy,Full Load,High,default,AzureSqlDatabase,AzureBlobFS (Parquet),False,False,False,False,False,False,field-eng
fleetmaintenance-copy_detailed,laf-adf,ADF,3f2e4d32-8e8d-46d6-82bc-5bb8d962328b,copy_power_output,Copy,Full Load,High,default,AzureSqlDatabase,AzureBlobFS (Parquet),False,False,False,False,False,False,field-eng
PL_ODBC_Decrypt_Generic,laf-adf,ADF,3f2e4d32-8e8d-46d6-82bc-5bb8d962328b,Copy data to ADLS ODBC,Copy,Full Load,High,default,Odbc,AzureBlobFS (Parquet),False,False,False,False,False,False,field-eng
PL_Generic_SQL_CHANGETRACKING,laf-adf,ADF,3f2e4d32-8e8d-46d6-82bc-5bb8d962328b,Incremental Data Copy,Copy,Full Load,High,default,SqlServer,AzureBlobFS (Parquet),False,False,False,False,False,False,field-eng
Ingest AdventureWorksOLTP to Databricks Workflow,laf-adf,ADF,3f2e4d32-8e8d-46d6-82bc-5bb8d962328b,Ingest Customer,Copy,Full Load,High,default,AzureSqlDatabase,AzureBlobFS (Parquet),False,False,False,False,False,False,field-eng
Ingest AdventureWorksOLTP to Databricks Workflow,laf-adf,ADF,3f2e4d32-8e8d-46d6-82bc-5bb8d962328b,Ingest ProductModel,Copy,Full Load,High,default,AzureSqlDatabase,AzureBlobFS (Parquet),False,False,False,False,False,False,field-eng
Ingest AdventureWorksOLTP to Databricks Workflow,laf-adf,ADF,3f2e4d32-8e8d-46d6-82bc-5bb8d962328b,Ingest ProductDescription,Copy,Full Load,High,default,AzureSqlDatabase,AzureBlobFS (Parquet),False,False,False,False,False,False,field-eng
Ingest AdventureWorksOLTP to Databricks Workflow,laf-adf,ADF,3f2e4d32-8e8d-46d6-82bc-5bb8d962328b,Ingest Product,Copy,Full Load,High,default,AzureSqlDatabase,AzureBlobFS (Parquet),False,False,False,False,False,False,field-eng
Ingest AdventureWorksOLTP to Databricks Workflow,laf-adf,ADF,3f2e4d32-8e8d-46d6-82bc-5bb8d962328b,Ingest ProductModelProductDescription,Copy,Full Load,High,default,AzureSqlDatabase,AzureBlobFS (Parquet),False,False,False,False,False,False,field-eng
Ingest AdventureWorksOLTP to Databricks Workflow,laf-adf,ADF,3f2e4d32-8e8d-46d6-82bc-5bb8d962328b,Ingest ProductCategory,Copy,Full Load,High,default,AzureSqlDatabase,AzureBlobFS (Parquet),False,False,False,False,False,False,field-eng
Ingest AdventureWorksOLTP to Databricks Workflow,laf-adf,ADF,3f2e4d32-8e8d-46d6-82bc-5bb8d962328b,Ingest Address,Copy,Full Load,High,default,AzureSqlDatabase,AzureBlobFS (Parquet),False,False,False,False,False,False,field-eng
Ingest AdventureWorksOLTP to Databricks Workflow,laf-adf,ADF,3f2e4d32-8e8d-46d6-82bc-5bb8d962328b,Ingest CustomerAddress,Copy,Full Load,High,default,AzureSqlDatabase,AzureBlobFS (Parquet),False,False,False,False,False,False,field-eng
Ingest AdventureWorksOLTP to Databricks Workflow,laf-adf,ADF,3f2e4d32-8e8d-46d6-82bc-5bb8d962328b,Ingest SalesOrderDetail,Copy,Full Load,High,default,AzureSqlDatabase,AzureBlobFS (Parquet),False,False,False,False,False,False,field-eng
Ingest AdventureWorksOLTP to Databricks Workflow,laf-adf,ADF,3f2e4d32-8e8d-46d6-82bc-5bb8d962328b,Ingest SalesOrderHeader,Copy,Full Load,High,default,AzureSqlDatabase,AzureBlobFS (Parquet),False,False,False,False,False,False,field-eng
Ingest AdventureWorksOLTP to Landing Test,laf-adf,ADF,3f2e4d32-8e8d-46d6-82bc-5bb8d962328b,Ingest Customer,Copy,Full Load,High,default,AzureSqlDatabase,AzureBlobFS (Parquet),False,False,False,False,False,False,field-eng
Ingest AdventureWorksOLTP to Landing Test,laf-adf,ADF,3f2e4d32-8e8d-46d6-82bc-5bb8d962328b,Ingest ProductModel,Copy,Full Load,High,default,AzureSqlDatabase,AzureBlobFS (Parquet),False,False,False,False,False,False,field-eng
Ingest AdventureWorksOLTP to Landing Test,laf-adf,ADF,3f2e4d32-8e8d-46d6-82bc-5bb8d962328b,Ingest ProductDescription,Copy,Full Load,High,default,AzureSqlDatabase,AzureBlobFS (Parquet),False,False,False,False,False,False,field-eng
Ingest AdventureWorksOLTP to Landing Test,laf-adf,ADF,3f2e4d32-8e8d-46d6-82bc-5bb8d962328b,Ingest Product,Copy,Full Load,High,default,AzureSqlDatabase,AzureBlobFS (Parquet),False,False,False,False,False,False,field-eng
Ingest AdventureWorksOLTP to Landing Test,laf-adf,ADF,3f2e4d32-8e8d-46d6-82bc-5bb8d962328b,Ingest ProductModelProductDescription,Copy,Full Load,High,default,AzureSqlDatabase,AzureBlobFS (Parquet),False,False,False,False,False,False,field-eng
Ingest AdventureWorksOLTP to Landing Test,laf-adf,ADF,3f2e4d32-8e8d-46d6-82bc-5bb8d962328b,Ingest ProductCategory,Copy,Full Load,High,default,AzureSqlDatabase,AzureBlobFS (Parquet),False,False,False,False,False,False,field-eng
Ingest AdventureWorksOLTP to Landing Test,laf-adf,ADF,3f2e4d32-8e8d-46d6-82bc-5bb8d962328b,Ingest Address,Copy,Full Load,High,default,AzureSqlDatabase,AzureBlobFS (Parquet),False,False,False,False,False,False,field-eng
Ingest AdventureWorksOLTP to Landing Test,laf-adf,ADF,3f2e4d32-8e8d-46d6-82bc-5bb8d962328b,Ingest CustomerAddress,Copy,Full Load,High,default,AzureSqlDatabase,AzureBlobFS (Parquet),False,False,False,False,False,False,field-eng
Ingest AdventureWorksOLTP to Landing Test,laf-adf,ADF,3f2e4d32-8e8d-46d6-82bc-5bb8d962328b,Ingest SalesOrderDetail,Copy,Full Load,High,default,AzureSqlDatabase,AzureBlobFS (Parquet),False,False,False,False,False,False,field-eng
Ingest AdventureWorksOLTP to Landing Test,laf-adf,ADF,3f2e4d32-8e8d-46d6-82bc-5bb8d962328b,Ingest SalesOrderHeader,Copy,Full Load,High,default,AzureSqlDatabase,AzureBlobFS (Parquet),False,False,False,False,False,False,field-eng
Delta-copyTo-fleetmaintenance,laf-adf,ADF,3f2e4d32-8e8d-46d6-82bc-5bb8d962328b,copy_maintenance_header to delta,Copy,Full Load,High,default,AzureDatabricksDeltaLakeDataset,AzureSqlDatabase,False,False,False,False,False,False,field-eng
PL_GENERIC_INGEST_WATERMARK,laf-adf,ADF,3f2e4d32-8e8d-46d6-82bc-5bb8d962328b,Copy data incremental watermark,Copy,Incremental with Watermark,Medium-High,watermark_params,SqlServer,AzureBlobFS (Parquet),False,False,False,False,False,True,field-eng
Excel,laf-adf,ADF,3f2e4d32-8e8d-46d6-82bc-5bb8d962328b,Copy Excel,Copy,Full Load,High,default,AzureBlobFS (Excel),AzureBlobFS (Parquet),False,False,False,False,False,False,field-eng
fleetmaintenance-copy_usingJob,laf-adf,ADF,3f2e4d32-8e8d-46d6-82bc-5bb8d962328b,copy_maintenance_header to landing,Copy,Full Load,High,default,AzureSqlDatabase,AzureBlobFS (Parquet),False,False,False,False,False,False,field-eng
fleetmaintenance-copy_usingJob,laf-adf,ADF,3f2e4d32-8e8d-46d6-82bc-5bb8d962328b,copy_power_output to landing,Copy,Full Load,High,default,AzureSqlDatabase,AzureBlobFS (Parquet),False,False,False,False,False,False,field-eng
PL_Generic_Full_Load,laf-adf,ADF,3f2e4d32-8e8d-46d6-82bc-5bb8d962328b,Copy data to ADLS,Copy,Full Load,High,default,SqlServer,AzureBlobFS (Parquet),False,False,False,False,False,False,field-eng
pipeline1,laf-adf,ADF,3f2e4d32-8e8d-46d6-82bc-5bb8d962328b,Copy data1,Copy,Full Load,High,default,AzureBlobFS (Binary),AzureBlobFS (Binary),False,False,False,False,False,False,field-eng
DeltaLakeAccessUCDemo,adf-csc168,ADF,3f2e4d32-8e8d-46d6-82bc-5bb8d962328b,Copy data1,Copy,Full Load,High,default,AzureDatabricksDeltaLake,AzureBlobFS (DelimitedText),False,False,False,False,False,False,field-eng
wkmigrate_test_copy_simple,adf-wkmigrate-test,ADF,3f2e4d32-8e8d-46d6-82bc-5bb8d962328b,CopyBlobToBlob,Copy,Full Load,High,default,Blob,Blob,False,False,False,False,False,False,field-eng
dbrookes_sales_pipeline,oneenv-adf,ADF,3f2e4d32-8e8d-46d6-82bc-5bb8d962328b,copy_data,Copy,Full Load,High,default,AzureBlobFS (DelimitedText),AzureBlobFS (DelimitedText),False,False,False,False,False,False,field-eng
dbx_scb_aj_copy_convert,oneenv-adf,ADF,3f2e4d32-8e8d-46d6-82bc-5bb8d962328b,blob2ADLS,Copy,Full Load,High,default,AzureBlobStorage (Parquet),AzureBlobFS (Parquet),False,False,False,False,False,False,field-eng
005 - Ingest to Delta Lake via Copy,oneenv-adf,ADF,3f2e4d32-8e8d-46d6-82bc-5bb8d962328b,SQL_to_ADLS,Copy,Full Load,High,default,AzureSqlDatabase,AzureBlobFS (Parquet),False,False,False,False,False,False,field-eng
Copy_win_totals,oneenv-adf,ADF,3f2e4d32-8e8d-46d6-82bc-5bb8d962328b,Copy_fd9,Copy,Full Load,High,default,AzureDatabricksDeltaLakeDataset,AzureSqlDatabase,False,False,False,False,False,False,field-eng
CopyDatabricksToADLS,oneenv-adf,ADF,3f2e4d32-8e8d-46d6-82bc-5bb8d962328b,CopyDataFromDatabricks,Copy,Full Load,High,default,AzureDatabricksDeltaLakeDataset,AzureBlobStorage (DelimitedText),False,False,False,False,False,False,field-eng
pipeline5,adf-sash-demo,ADF,3f2e4d32-8e8d-46d6-82bc-5bb8d962328b,Copy data1,Copy,Full Load,High,default,AzureBlobStorage (DelimitedText),AzureBlobStorage (DelimitedText),False,False,False,False,False,False,field-eng
mb-test,oneenv-adf,ADF,3f2e4d32-8e8d-46d6-82bc-5bb8d962328b,copy titanic,Copy,Full Load,High,default,HttpServer (DelimitedText),AzureBlobStorage (DelimitedText),False,False,False,False,False,False,field-eng
sqldb_to_delta,ronguerreroadf,ADF,3f2e4d32-8e8d-46d6-82bc-5bb8d962328b,sqldb_extract_load,Copy,Full Load,High,default,AzureSqlDatabase,AzureBlobFS (Parquet),False,False,False,False,False,False,field-eng
Extract Parquet to SQLDW,jok-adf,ADF,3f2e4d32-8e8d-46d6-82bc-5bb8d962328b,Delta to Synapse,Copy,Full Load,High,default,AzureBlobFS (Parquet),AzureSqlDW,False,False,False,False,False,False,field-eng
Import Telemetry 2,jok-adf,ADF,3f2e4d32-8e8d-46d6-82bc-5bb8d962328b,Unzip Telemetry,Copy,Full Load,High,default,AzureBlobStorage (Binary),AzureBlobStorage (Binary),False,False,False,False,False,False,field-eng
Import Telemetry,jok-adf,ADF,3f2e4d32-8e8d-46d6-82bc-5bb8d962328b,Unzip archive in Blob,Copy,Full Load,High,default,AzureBlobStorage (Binary),AzureBlobStorage (Binary),False,False,False,False,False,False,field-eng
Databricks_Cluster_test1,jok-adf,ADF,3f2e4d32-8e8d-46d6-82bc-5bb8d962328b,JSON2CSV,Copy,Full Load,High,default,RestService,AzureBlobFS (DelimitedText),False,False,False,False,False,False,field-eng
Databricks_Cluster_List_MI,jok-adf,ADF,3f2e4d32-8e8d-46d6-82bc-5bb8d962328b,JSON2CSV,Copy,Full Load,High,default,RestService,AzureBlobFS (DelimitedText),False,False,False,False,False,False,field-eng
Databricks_Cluster_List_and_Select_MI,jok-adf,ADF,3f2e4d32-8e8d-46d6-82bc-5bb8d962328b,JSON2CSV,Copy,Full Load,High,default,RestService,AzureBlobFS (DelimitedText),False,False,False,False,False,False,field-eng
CopyPipeline_zxz,jok-adf,ADF,3f2e4d32-8e8d-46d6-82bc-5bb8d962328b,Copy_zxz,Copy,Full Load,High,default,AzureSqlDatabase,AzureSqlDW,False,False,False,False,False,False,field-eng
pipeline1,mweu-adf-d-kanchwala-001,ADF,3f2e4d32-8e8d-46d6-82bc-5bb8d962328b,Copy data1,Copy,Full Load,High,default,AzureBlobFS (Parquet),AzureBlobFS (Parquet),False,False,False,False,False,False,field-eng
CopyPipeline_otis_adls_gen2,adf-otis-cosmosdb,ADF,3f2e4d32-8e8d-46d6-82bc-5bb8d962328b,Copy_kwj,Copy,Full Load,High,default,CosmosDb,AzureBlobFS (Parquet),False,False,False,False,False,False,field-eng
movefromcsv,rrcadfvivo,ADF,3f2e4d32-8e8d-46d6-82bc-5bb8d962328b,Copy_efm,Copy,Full Load,High,default,AzureBlobStorage (DelimitedText),AzureSqlDatabase,False,False,False,False,False,False,field-eng
CopyPipeline_adls_cosmos,adf-otis-cosmosdb,ADF,3f2e4d32-8e8d-46d6-82bc-5bb8d962328b,Copy_fmo,Copy,Full Load,High,default,AzureBlobStorage (Json),CosmosDb,False,False,False,False,False,False,field-eng
pipeline2,bnelsondatafactory,ADF,3f2e4d32-8e8d-46d6-82bc-5bb8d962328b,Copy data1,Copy,Full Load,High,default,AzureDatabricksDeltaLakeDataset,AzureBlobFS (DelimitedText),False,False,False,False,False,False,field-eng
CopyADLStoDeltaLake,adf-fe-uae-01,ADF,3f2e4d32-8e8d-46d6-82bc-5bb8d962328b,Copy data1,Copy,Full Load,High,default,AzureBlobFS (DelimitedText),AzureDatabricksDeltaLakeDataset,False,False,False,False,False,False,field-eng
CopyPipeline_g4l,ray-data-factory-1,ADF,5685e448-8271-4cf2-b2d2-4f030db888b9,Copy_g4l,Copy,Full Load,High,default,AzureBlobStorage (DelimitedText),AzureBlobStorage (DelimitedText),False,False,False,False,False,False,azure-test-pm
CopyPipeline_lem,ray-data-factory-1,ADF,5685e448-8271-4cf2-b2d2-4f030db888b9,Copy_lem,Copy,Full Load,High,default,AzureBlobStorage (DelimitedText),AzureBlobStorage (DelimitedText),False,False,False,False,False,False,azure-test-pm
CopyPipeline_ivn,tfayyaz-ne-adf,ADF,5685e448-8271-4cf2-b2d2-4f030db888b9,Copy_ivn,Copy,Full Load,High,default,AzureBlobFS (Json),AzureBlobFS (Parquet),False,False,False,False,False,False,azure-test-pm
Copy_JSON_to_Parquet_Snappy,tfayyaz-ne-adf,ADF,5685e448-8271-4cf2-b2d2-4f030db888b9,Copy_Cloudflare_Logs,Copy,Full Load,High,default,AzureBlobFS (Json),AzureBlobFS (Parquet),False,False,False,False,False,False,azure-test-pm
Copy_JSON_to_Parquet_Snappy,tfayyaz-ne-adf,ADF,5685e448-8271-4cf2-b2d2-4f030db888b9,Copy_Machine_Logs,Copy,Full Load,High,default,AzureBlobFS (Json),AzureBlobFS (Parquet),False,False,False,False,False,False,azure-test-pm
CopyPipeline_Yellow_Parquet,tfayyaz-west-us-adf,ADF,5685e448-8271-4cf2-b2d2-4f030db888b9,Copy_k3m,Copy,Full Load,High,default,AzureBlobFS (Parquet),AzureDatabricksDeltaLakeDataset,False,False,False,False,False,False,azure-test-pm
CopyPipeline_bn5,tfayyaz-ne-adf,ADF,5685e448-8271-4cf2-b2d2-4f030db888b9,Copy_bn5,Copy,Full Load,High,default,AzureBlobFS (Json),AzureBlobFS (Json),False,False,False,False,False,False,azure-test-pm
DatabricksNotebooks,adf-runs,ADF,5685e448-8271-4cf2-b2d2-4f030db888b9,CopyAccounts,Copy,Full Load,High,default,Salesforce,AzureBlobStorage (Parquet),False,False,False,False,False,False,azure-test-pm
CopyPipeline_nmh,pmt-adf-jason-ping-sftp,ADF,5685e448-8271-4cf2-b2d2-4f030db888b9,Copy_nmh,Copy,Full Load,High,default,Sftp (Binary),AzureFileStorage (Binary),False,False,False,False,False,False,azure-test-pm
CopyPipeline_vgw,rayzhu-sf,ADF,5685e448-8271-4cf2-b2d2-4f030db888b9,Copy_vgw,Copy,Full Load,High,default,AzureBlobStorage (DelimitedText),AzureBlobStorage (DelimitedText),False,False,False,False,False,False,azure-test-pm
pipeline_warehousemigration_load,pmt_fabric_ws,Fabric,,Copy_vmu_copy1,Copy,Full Load,High,default,DelimitedText,DataWarehouse,False,False,False,False,False,False,
pipeline_warehousemigration_customer,pmt_fabric_ws,Fabric,,Copy_t2y,Copy,Full Load,High,default,DelimitedText,DataWarehouse,False,False,False,False,False,False,
pipeline1,pmt_fabric_ws,Fabric,,Copy_r07,Copy,Full Load,High,default,AzureBlobStorage (Parquet),LakehouseTable,False,False,False,False,False,False,
taxi_data_pipeline,pmt_fabric_ws,Fabric,,Copy_qyz,Copy,Full Load,High,default,AzureBlobStorage (Parquet),LakehouseTable,False,False,False,False,False,False,
CopyPipeline_jason_sftp_test_dale_server,pmt-adf-jason-ping-sftp,ADF,5685e448-8271-4cf2-b2d2-4f030db888b9,Copy_1s2,Copy,Full Load,High,default,Sftp (DelimitedText),AzureFileStorage (DelimitedText),False,False,False,False,False,False,azure-test-pm
CUJ_FF_01_PL,pmt_fabric_ws,Fabric,,Copy data1,Copy,Full Load,High,default,HttpServer (DelimitedText),DelimitedText,False,False,False,False,False,False,
aw_test_pipeline,pmt_fabric_ws,Fabric,,Copy_2x9,Copy,Full Load,High,default,AzureBlobStorage (Parquet),LakehouseTable,False,False,False,False,False,False,
PoliceDataLoad,pmt_fabric_ws,Fabric,,Copy_84m,Copy,Full Load,High,default,DelimitedText,DataWarehouse,False,False,False,False,False,False,
pipeline_to_warehouse_copy,pmt_fabric_ws,Fabric,,Pipeline to Warehouse Copy,Copy,Full Load,High,default,AzureBlobStorage (Parquet),DataWarehouse,False,False,False,False,False,False,
loaddw_from_lh,pmt_fabric_ws,Fabric,,Copy_ey2,Copy,Full Load,High,default,DelimitedText,DataWarehouse,False,False,False,False,False,False,
pipeline_to_lakehouse_single_file,pmt_fabric_ws,Fabric,,Copy_y03,Copy,Full Load,High,default,DelimitedText,LakehouseTable,False,False,False,False,False,False,
LoadUKPropertyCSV,pmt_fabric_ws,Fabric,,Copy_2o3,Copy,Full Load,High,default,DelimitedText,DataWarehouse,False,False,False,False,False,False,
LoadfromLakehouse,pmt_fabric_ws,Fabric,,Copy_men,Copy,Full Load,High,default,DelimitedText,DataWarehouse,False,False,False,False,False,False,
warehousemigration_pipeline3,pmt_fabric_ws,Fabric,,Copy_qmb,Copy,Full Load,High,default,DelimitedText,DataWarehouse,False,False,False,False,False,False,
LoadUKPropertyCSV_CUJ5,pmt_fabric_ws,Fabric,,Copy_2o3,Copy,Full Load,High,default,DelimitedText,DataWarehouse,False,False,False,False,False,False,
pipeline_to_lakehouse,pmt_fabric_ws,Fabric,,Copy_9d7,Copy,Full Load,High,default,AzureBlobStorage (Parquet),LakehouseTable,False,False,False,False,False,False,
pipeline_parquet,pmt_fabric_ws,Fabric,,Copy_gcd,Copy,Full Load,High,default,AzureBlobFS (Parquet),DataWarehouse,False,False,False,False,False,False,
pipeline_parquet,pmt_fabric_ws,Fabric,,Copy_gcd_copy1,Copy,Full Load,High,default,AzureBlobFS (Parquet),DataWarehouse,False,False,False,False,False,False,
pipeline_to_warehouse_single_file,pmt_fabric_ws,Fabric,,Copy_gn3,Copy,Full Load,High,default,DelimitedText,DataWarehouse,False,False,False,False,False,False,
pipeline_to_warehouse_single_file_2,pmt_fabric_ws,Fabric,,Copy_e2g,Copy,Full Load,High,default,DelimitedText,DataWarehouse,False,False,False,False,False,False,
getadlsdata_test2,pmt_fabric_ws,Fabric,,Copy_publishoutcomes,Copy,Full Load,High,default,AzureBlobFS (DelimitedText),LakehouseTable,False,False,False,False,False,False,
pipeline2,pmt_fabric_ws,Fabric,,Copy_g8k,Copy,Full Load,High,default,LakehouseTable,LakehouseTable,False,False,False,False,False,False,
testtriggers_wasim,pmt_fabric_ws,Fabric,,CopyNewFiles,Copy,Incremental with Watermark,Medium-High,watermark_params,AzureBlobFS (Binary),AzureBlobFS (Binary),False,False,False,False,False,True,
warehousemigration_pipeline4,pmt_fabric_ws,Fabric,,Copy_dimdate,Copy,Full Load,High,default,DelimitedText,DataWarehouse,False,False,False,False,False,False,
warehousemigration_pipeline4,pmt_fabric_ws,Fabric,,Copy_customer_address3,Copy,Full Load,High,default,DelimitedText,DataWarehouse,False,False,False,False,False,False,
incremental-ingestion,pmt_fabric_ws,Fabric,,Copy_3kb,Copy,Full Load,High,default,AzureBlobStorage (DelimitedText),LakehouseTable,False,False,False,False,False,False,
incremental-ingestion_copy1,pmt_fabric_ws,Fabric,,Copy_3kb,Copy,Full Load,High,default,LakehouseTable,LakehouseTable,False,False,False,False,False,False,
incremental-ingestion2,pmt_fabric_ws,Fabric,,Copy data1,Copy,Full Load,High,default,AzureBlobFS (DelimitedText),DataWarehouse,False,False,False,False,False,False,
cuj_summer_02,pmt_fabric_ws,Fabric,,Copy_mtc,Copy,Full Load,High,default,AzureBlobFS (DelimitedText),LakehouseTable,False,False,False,False,False,False,
pipeline9,pmt_fabric_ws,Fabric,,Copy_d6h,Copy,Full Load,High,default,AzureBlobStorage (Parquet),AzureBlobFS (Parquet),False,False,False,False,False,False,
Factory_Data_Ingest,pmt_fabric_ws,Fabric,,Copy_bqu,Copy,Full Load,High,default,AzureBlobStorage (Parquet),LakehouseTable,False,False,False,False,False,False,
nyc_taxi_pipeline,pmt_fabric_ws,Fabric,,Copy_qhw,Copy,Full Load,High,default,AzureBlobStorage (Parquet),Json,False,False,False,False,False,False,
cloudflare_logs_ingest,pmt_fabric_ws,Fabric,,Copy_xby,Copy,Full Load,High,default,AzureBlobFS (Json),Parquet,False,False,False,False,False,False,
cloudflare_logs_ingest,pmt_fabric_ws,Fabric,,Copy_xby_copy1,Copy,Full Load,High,default,AzureBlobFS (Json),Json,False,False,False,False,False,False,
cloudflare_logs_ingest,pmt_fabric_ws,Fabric,,Copy_bku,Copy,Full Load,High,default,Json,LakehouseTable,False,False,False,False,False,False,
lh_for_DL_capacity_test,pmt_fabric_ws,Fabric,,Copy_lhf,Copy,Full Load,High,default,LakehouseTable,LakehouseTable,False,False,False,False,False,False,
